model,c,n_target,rep,seed,n,m,avg_deg,n_components,N1,N2,giant_frac,giant_n,giant_lambda2,giant_phi_star,giant_ipr2,core_frac,core_n,core_lambda2,core_phi_star,core_ipr2
ER,2,100,0,2100,100,105,2.1,16,23,33,0.83,83,0.025697061234919806,0.04950495049504951,0.031306300804213004,0.55,55,0.03606476577745232,0.07246376811594203,0.03830385758186294
ER,2,100,1,2101,100,85,1.7,21,29,29,0.76,76,0.005394207692524664,0.024390243902439025,0.037088022858074145,0.36,36,0.03102270987840525,0.05263157894736842,0.03713779169600805
ER,2,100,2,2102,100,111,2.22,14,27,27,0.83,83,0.05566115326652509,0.11475409836065574,0.03601414899178667,0.55,55,0.08163669428345585,0.14893617021276595,0.0482090820046972
ER,2,100,7,2107,100,80,1.6,26,25,34,0.7,70,0.005747471130318659,0.02040816326530612,0.034100996276899616,0.3,30,0.041491444362662146,0.1,0.07414324021378772
ER,2,100,5,2105,100,97,1.94,18,26,26,0.81,81,0.04579930367876405,0.07692307692307693,0.05681890393005406,0.5,50,0.07996452738831233,0.12903225806451613,0.037887407053153445
ER,2,100,6,2106,100,115,2.3,14,17,29,0.87,87,0.03378061164792199,0.09090909090909091,0.09305572372355228,0.66,66,0.051818259346145576,0.09090909090909091,0.0371079937562945
ER,2,100,4,2104,100,89,1.78,24,33,19,0.71,71,0.021750451977335043,0.05128205128205128,0.07109980160623215,0.36,36,0.038855508644530246,0.09090909090909091,0.09275399961099638
ER,2,100,3,2103,100,123,2.46,13,19,23,0.87,87,0.07626456076277938,0.12087912087912088,0.056985105857343864,0.67,67,0.10263914657837106,0.15217391304347827,0.055000059445703645
ER,2,100,8,2108,100,106,2.12,16,30,25,0.81,81,0.022718634721092628,0.06896551724137931,0.05514431253818687,0.46,46,0.040102333919480336,0.10344827586206896,0.08534433382098952
ER,2,100,9,2109,100,105,2.1,16,24,25,0.85,85,0.03123132805033117,0.06666666666666667,0.03922665723707457,0.5,50,0.05328678993248731,0.1,0.0511666657170615
ER,2,100,10,2110,100,111,2.22,13,20,32,0.85,85,0.037740663543883314,0.1111111111111111,0.09482895742235899,0.57,57,0.0704254382901386,0.13513513513513514,0.04743831683867337
ER,2,100,11,2111,100,111,2.22,13,26,29,0.84,84,0.047974740761364085,0.08163265306122448,0.025067522744972107,0.54,54,0.07352359360730573,0.10526315789473684,0.03386041413871426
ER,2,100,12,2112,100,94,1.88,20,31,24,0.74,74,0.033990215772478335,0.07692307692307693,0.08067344041444184,0.49,49,0.06848000765843958,0.0967741935483871,0.03373389527684186
ER,2,100,13,2113,100,98,1.96,16,34,21,0.84,84,0.02321939294025887,0.04225352112676056,0.028231414333309605,0.36,36,0.07023527206287625,0.125,0.0720093927672974
ER,2,100,14,2114,100,111,2.22,12,28,23,0.87,87,0.011543153865826014,0.04,0.08875569038644472,0.47,47,0.06849988862090599,0.14285714285714285,0.11148087173663501
ER,2,100,15,2115,100,112,2.24,13,23,24,0.85,85,0.03496626925215311,0.09090909090909091,0.11882541190990285,0.58,58,0.0819494564783683,0.13043478260869565,0.03856389660827245
ER,2,100,16,2116,100,82,1.64,26,26,28,0.73,73,0.0105939181466033,0.04,0.07487613205967408,0.28,28,0.06911443773820129,0.08571428571428572,0.0648123898070868
ER,2,100,17,2117,100,90,1.8,18,30,25,0.78,78,0.010898566984280768,0.04878048780487805,0.045620898603001434,0.36,36,0.05281418580599044,0.10526315789473684,0.07900361994830087
ER,2,100,18,2118,100,92,1.84,20,31,26,0.78,78,0.01433042141802471,0.047619047619047616,0.10754889877669536,0.39,39,0.05434310941041229,0.08333333333333333,0.050317925242204034
ER,2,100,19,2119,100,106,2.12,12,28,30,0.86,86,0.0321722409631572,0.09090909090909091,0.14868213928886143,0.52,52,0.07858072245773089,0.13043478260869565,0.05680601229147152
ER,2,200,4,2204,200,183,1.83,35,67,52,0.78,156,0.019779577680621573,0.04046242774566474,0.01245238434401068,0.41,82,0.03702050193329935,0.1,0.034643962794581463
ER,2,200,5,2205,200,216,2.16,29,52,50,0.83,166,0.025352427664152126,0.09375,0.09374732470697163,0.515,103,0.03223978990615056,0.1111111111111111,0.17561476618748736
ER,2,200,3,2203,200,198,1.98,29,54,64,0.785,157,0.020180736652503615,0.06422018348623854,0.03556563772646864,0.455,91,0.0,nan,nan
ER,2,200,1,2201,200,203,2.03,27,49,64,0.845,169,0.01749393351587314,0.0625,0.030630890541033323,0.515,103,0.027009261940755678,0.08333333333333333,0.07303550452656797
ER,2,200,2,2202,200,208,2.08,27,61,57,0.815,163,0.024701790297295835,0.07692307692307693,0.0760975407627683,0.525,105,0.04752039817243406,0.08955223880597014,0.020452088897552588
ER,2,200,0,2200,200,232,2.32,21,44,54,0.89,178,0.04369379464485538,0.12871287128712872,0.06907670676494738,0.61,122,0.06669742454027681,0.1393939393939394,0.060859490562194474
ER,2,200,6,2206,200,193,1.93,37,52,53,0.78,156,0.02302119034735135,0.06818181818181818,0.03475213629480571,0.495,99,0.03622764086346234,0.09090909090909091,0.03680834675695564
ER,2,200,11,2211,200,210,2.1,28,52,58,0.84,168,0.03171389736550168,0.07692307692307693,0.10608573671413239,0.49,98,0.06645596804832056,0.13432835820895522,0.03157690899977975
ER,2,200,12,2212,200,184,1.84,42,49,60,0.7,140,0.026415487661902805,0.078125,0.05715056964418514,0.415,83,0.05011206469719142,0.1111111111111111,0.047412554762971244
ER,2,200,13,2213,200,188,1.88,33,60,54,0.795,159,0.01331174350016555,0.047058823529411764,0.025958119433295568,0.46,92,0.024123355319559867,0.06060606060606061,0.030203170121216528
ER,2,200,7,2207,200,213,2.13,31,51,57,0.79,158,0.039269121362887564,0.10416666666666667,0.047645493162855525,0.55,110,0.05367514223124044,0.12751677852348994,0.050911334171812136
ER,2,200,14,2214,200,203,2.03,25,49,66,0.86,172,0.024125610572516273,0.0658682634730539,0.021146379547390848,0.54,108,0.03370673110998309,0.1076923076923077,0.05135213270750679
ER,2,200,10,2210,200,183,1.83,33,61,63,0.795,159,0.008075967400175408,0.043478260869565216,0.07652474195814665,0.365,73,0.025136736268001128,0.06493506493506493,0.02535501016127965
ER,2,200,15,2215,200,187,1.87,43,59,45,0.735,147,0.020139432388897652,0.06666666666666667,0.048716249389430595,0.41,82,0.04216617576891693,0.0958904109589041,0.039584831866270744
ER,2,200,8,2208,200,176,1.76,42,54,57,0.7,140,0.015308686812901444,0.046357615894039736,0.01665869699877574,0.42,84,0.02114922936838227,0.06,0.05329524019792342
ER,2,200,9,2209,200,216,2.16,28,52,52,0.805,161,0.018008528872459448,0.047619047619047616,0.10513564766907789,0.485,97,0.0841329440024556,0.1694915254237288,0.047452786389727566
ER,2,200,19,2219,200,214,2.14,28,52,50,0.85,170,0.010875341137315031,0.058823529411764705,0.0597666074083849,0.52,104,0.026024193276449753,0.1,0.08064825427354487
ER,2,200,16,2216,200,178,1.78,42,63,51,0.74,148,0.016663750013637228,0.05084745762711865,0.02278833556664904,0.365,73,0.02307879670828687,0.07692307692307693,0.11901574033889417
ER,2,200,18,2218,200,206,2.06,35,53,54,0.76,152,0.03360921525885768,0.09090909090909091,0.052175059992672516,0.495,99,0.045399170787606684,0.10606060606060606,0.0536371042225973
ER,2,500,0,2500,500,471,1.884,105,135,125,0.752,376,0.018140269053563293,0.061224489795918366,0.017843207593080716,0.454,227,0.0,nan,nan
ER,2,200,17,2217,200,215,2.15,28,49,57,0.825,165,0.029880547035753772,0.07142857142857142,0.015301857913029812,0.57,114,0.04289900045709252,0.09090909090909091,0.02677262187783699
ER,2,500,2,2502,500,465,1.86,89,143,142,0.738,369,0.008889269481587352,0.047619047619047616,0.0809672248221864,0.374,187,0.0,nan,nan
ER,2,500,5,2505,500,503,2.012,78,137,127,0.82,410,0.017052045916207247,0.07575757575757576,0.018762381472974318,0.486,243,0.033305861343361796,0.10526315789473684,0.023262926177899212
ER,2,500,1,2501,500,557,2.228,62,123,138,0.84,420,0.019021163943639702,0.06666666666666667,0.1163412187807702,0.544,272,0.04863897458445038,0.11538461538461539,0.014918692851906553
ER,2,500,4,2504,500,516,2.064,85,120,128,0.812,406,0.01909654487140807,0.07692307692307693,0.13558512250912208,0.506,253,0.04701027613595251,0.1225071225071225,0.061576836326357784
ER,2,500,6,2506,500,492,1.968,81,136,138,0.818,409,0.016609398406893405,0.05307855626326964,0.007188360022634893,0.486,243,0.027326823225837918,0.07744107744107744,0.013732364059839344
ER,2,500,3,2503,500,506,2.024,76,143,133,0.808,404,0.020178556712430455,0.06183368869936034,0.06769529633076359,0.492,246,0.03546332728534125,0.08208955223880597,0.01908691261920357
ER,2,500,7,2507,500,535,2.14,80,112,128,0.81,405,0.03532110890961624,0.14285714285714285,0.09357727991479212,0.566,283,0.05431529121689509,0.116751269035533,0.011953393599237841
ER,2,500,10,2510,500,500,2.0,82,148,132,0.78,390,0.016056408004802722,0.08450704225352113,0.08020269206666912,0.438,219,0.03867778531795077,0.10294117647058823,0.032276461045612145
ER,2,500,11,2511,500,489,1.956,86,144,131,0.786,393,0.011031777923394992,0.06666666666666667,0.06602723463796505,0.438,219,0.026269642598470023,0.09090909090909091,0.09508423451304049
ER,2,500,9,2509,500,480,1.92,90,141,132,0.782,391,0.014559179092473324,0.058823529411764705,0.056435144428684685,0.422,211,0.04772838594348152,0.0967741935483871,0.0182286053288408
ER,2,500,8,2508,500,515,2.06,78,125,136,0.814,407,0.019184967959939413,0.07142857142857142,0.06662453137366127,0.54,270,0.031045107420397986,0.1,0.05078066611929851
ER,2,500,12,2512,500,457,1.828,96,144,150,0.752,376,0.0077238626522641695,0.047619047619047616,0.04846526668999497,0.384,192,0.01927281115620872,0.06666666666666667,0.02507957074631914
ER,2,500,13,2513,500,463,1.852,96,139,154,0.73,365,0.011815407464763257,0.045454545454545456,0.05355315357473683,0.414,207,0.021627781461219936,0.07692307692307693,0.0660307241201468
ER,2,500,15,2515,500,509,2.036,73,121,146,0.838,419,0.013679783052942367,0.05555555555555555,0.030098780355632668,0.498,249,0.029316514611882016,0.08484848484848485,0.017116538879254947
ER,2,500,16,2516,500,490,1.96,83,132,131,0.816,408,0.013361636283638366,0.06040268456375839,0.04966932478769907,0.46,230,0.0346863786829454,0.11498257839721254,0.028779406108825626
ER,2,500,14,2514,500,505,2.02,86,134,137,0.796,398,0.01806513751985009,0.05263157894736842,0.08329048512765964,0.498,249,0.04505823113110057,0.10703363914373089,0.021440513616586734
ER,2,500,17,2517,500,485,1.94,89,145,123,0.76,380,0.0071375595109542484,0.02857142857142857,0.08419517257952491,0.418,209,0.030402336911220174,0.09826589595375723,0.017349087752125226
ER,2,500,18,2518,500,482,1.928,96,156,128,0.734,367,0.020260191440911082,0.08843537414965986,0.03620593992399083,0.442,221,0.04017360925285305,0.11643835616438356,0.020937094712968073
ER,2,500,19,2519,500,467,1.868,92,145,135,0.75,375,0.013514039005129572,0.07608695652173914,0.04455652672435673,0.41,205,0.03146649997846789,0.07335907335907337,0.013132596608246465
ER,2,1000,1,3001,1000,976,1.952,166,284,283,0.792,792,0.009945554024979347,0.07407407407407407,0.03852485572790297,0.422,422,0.03324484530437893,0.08818011257035648,0.018746403199745194
ER,2,1000,5,3005,1000,972,1.944,173,283,268,0.784,784,0.014482096132504679,0.0782608695652174,0.022252797457526032,0.451,451,0.03001815734723857,0.08108108108108109,0.01737207986867362
ER,2,1000,0,3000,1000,976,1.952,171,259,296,0.783,783,0.015505862624505408,0.08507223113964688,0.020889969109753298,0.473,473,0.02386565869245688,0.09090909090909091,0.07779056765583976
ER,2,1000,2,3002,1000,1018,2.036,152,287,255,0.803,803,0.017186524900504853,0.09659090909090909,0.039719079828134725,0.474,474,0.03749979061580824,0.08864696734059098,0.02001641190484094
ER,2,1000,4,3004,1000,1002,2.004,163,262,269,0.802,802,0.011360022319313075,0.04,0.0963374966002704,0.493,493,0.03399256348085743,0.0958904109589041,0.013533821337185083
ER,2,1000,3,3003,1000,990,1.98,158,277,259,0.809,809,0.011390449932037736,0.05263157894736842,0.09698111227532538,0.471,471,0.03267717582527614,0.08896797153024912,0.009121506162340209
ER,2,1000,8,3008,1000,1000,2.0,169,270,254,0.778,778,0.019475504680074723,0.10526315789473684,0.038245705378805846,0.498,498,0.0,nan,nan
ER,2,1000,6,3006,1000,973,1.946,160,279,290,0.794,794,0.010480481542703778,0.08333333333333333,0.07781014947068572,0.428,428,0.03647980141689941,0.08928571428571429,0.01704037025271976
ER,2,1000,10,3010,1000,982,1.964,191,258,270,0.765,765,0.01302892080580027,0.043478260869565216,0.10665099781213232,0.471,471,0.04103454309086637,0.10452418096723869,0.015576306097945367
ER,2,1000,9,3009,1000,1008,2.016,157,273,261,0.807,807,0.018047041440768245,0.06503067484662577,0.01804176801031227,0.483,483,0.03013213893842717,0.0875,0.013707380753781915
ER,2,1000,7,3007,1000,1035,2.07,173,229,281,0.801,801,0.013745836102541098,0.05263157894736842,0.07492020070702121,0.529,529,0.03923453819671843,0.12021857923497267,0.023743151447409044
ER,2,1000,11,3011,1000,957,1.914,172,300,268,0.766,766,0.013865534362242379,0.05972045743329098,0.04453606916956942,0.43,430,0.028609328434275154,0.09023941068139964,0.03624271000822007
ER,2,1000,12,3012,1000,950,1.9,192,285,264,0.753,753,0.007358954348589934,0.030303030303030304,0.08406795141350208,0.401,401,0.03849893150578302,0.09665427509293681,0.03129811955538901
ER,2,1000,13,3013,1000,983,1.966,173,277,265,0.784,784,0.011704515111552025,0.037037037037037035,0.061216864731435026,0.463,463,0.03636440114611948,0.09180327868852459,0.013804925114323335
ER,2,1000,16,3016,1000,972,1.944,167,290,269,0.789,789,0.010086758814254844,0.043478260869565216,0.06781846164452586,0.442,442,0.03581909653132318,0.11372549019607843,0.05272256767587858
ER,2,1000,17,3017,1000,969,1.938,173,291,267,0.771,771,0.010462951790173376,0.043478260869565216,0.10064349606691697,0.435,435,0.0299693615803671,0.07692307692307693,0.05227151608599126
ER,2,1000,15,3015,1000,986,1.972,171,274,260,0.782,782,0.012429846457366727,0.05405405405405406,0.03877327620529776,0.465,465,0.03440296442884178,0.10986964618249534,0.03887153576129951
ER,2,1000,14,3014,1000,1019,2.038,151,256,292,0.818,818,0.017794718019795208,0.06313645621181263,0.027972589927792953,0.5,500,0.031166126443866037,0.08685968819599109,0.00809724148366243
ER,2,1000,18,3018,1000,1039,2.078,151,254,280,0.8,800,0.023261374997267405,0.07252298263534218,0.017049032774394176,0.502,502,0.042893011204180015,0.10461538461538461,0.010771045343609677
ER,2,1000,19,3019,1000,989,1.978,167,271,294,0.77,770,0.01595968142380314,0.058823529411764705,0.07139483302302059,0.474,474,0.029971657709462713,0.1111111111111111,0.017558974322417025
ER,2,3000,3,5003,3000,2921,1.9473333333333334,512,858,822,0.7813333333333333,2344,0.007658059330252653,0.037037037037037035,0.08262197004266655,0.42533333333333334,1276,0.027694358431596178,0.09090909090909091,0.08598754777639742
ER,2,3000,0,5000,3000,2994,1.996,484,827,819,0.796,2388,0.0046360078858400655,0.024390243902439025,0.06475660007447064,0.446,1338,0.03213195594426667,0.10451170759565963,0.0171550499980852
ER,2,3000,2,5002,3000,2971,1.9806666666666666,518,828,829,0.7733333333333333,2320,0.006483222629617202,0.04,0.08556120103040257,0.45366666666666666,1361,0.037563751338507194,0.10875627440044618,0.028241708794198545
ER,2,3000,1,5001,3000,3023,2.0153333333333334,475,805,821,0.8033333333333333,2410,0.00905840961785831,0.04,0.09719824871808978,0.4653333333333333,1396,0.03070244874305127,0.12,0.015546844731164107
ER,2,3000,4,5004,3000,3057,2.038,462,784,845,0.8083333333333333,2425,0.009743771244346444,0.05263157894736842,0.11337852522738423,0.496,1488,0.032813614403918286,0.0890890890890891,0.005511315660189111
ER,2,3000,5,5005,3000,3000,2.0,464,799,841,0.8126666666666666,2438,0.012793574774280003,0.06666666666666667,0.09264897884053382,0.478,1434,0.03229748890881161,0.08963282937365011,0.00982439566415356
ER,2,3000,7,5007,3000,3009,2.006,505,835,800,0.7813333333333333,2344,0.00557358116995732,0.03225806451612903,0.06184921957516469,0.469,1407,0.03677831600449587,0.10287206266318538,0.038982017697309024
ER,2,3000,6,5006,3000,2966,1.9773333333333334,517,796,817,0.7843333333333333,2353,0.014422473553149517,0.047619047619047616,0.10792602425870075,0.47633333333333333,1429,0.02684041167646719,0.1111111111111111,0.04859049318647384
ER,2,3000,9,5009,3000,3004,2.002666666666667,499,783,837,0.7886666666666666,2366,0.008819375189287326,0.043478260869565216,0.07591475968721623,0.4806666666666667,1442,0.03439627700300576,0.08608554412560909,0.004958425860758778
ER,2,3000,8,5008,3000,3028,2.018666666666667,481,796,816,0.8036666666666666,2411,0.00865130382570567,0.037037037037037035,0.10769173223234758,0.4716666666666667,1415,0.03629101505535165,0.10010427528675704,0.024089270059191828
ER,2,3000,10,5010,3000,2927,1.9513333333333334,519,844,823,0.7763333333333333,2329,0.011196324435776006,0.07317073170731707,0.07477041682864027,0.44666666666666666,1340,0.02620792809027791,0.10618966496308915,0.04414235782838604
ER,2,3000,11,5011,3000,3015,2.01,458,845,837,0.799,2397,0.009323056754761305,0.043478260869565216,0.14263052794584521,0.472,1416,0.031987927748026154,0.08744038155802862,0.007689363906797882
ER,2,3000,15,5015,3000,2954,1.9693333333333334,489,849,824,0.78,2340,0.01183419534360386,0.08695652173913043,0.08789047735629599,0.443,1329,0.031236981860909938,0.08361581920903954,0.033855128316754
ER,2,3000,12,5012,3000,2979,1.986,522,797,793,0.7816666666666666,2345,0.015919786141231906,0.0967741935483871,0.06083058433673469,0.4713333333333333,1414,0.028538648835261762,0.10526315789473684,0.04027523287267207
ER,2,3000,13,5013,3000,3005,2.0033333333333334,512,793,784,0.792,2376,0.013283157288733527,0.09090909090909091,0.05455269038885772,0.4723333333333333,1417,0.028674223705909527,0.13925729442970822,0.03382946649913888
ER,2,3000,14,5014,3000,3031,2.0206666666666666,487,785,810,0.7993333333333333,2398,0.008819658407515307,0.037037037037037035,0.09473214687132425,0.48333333333333334,1450,0.030549891060824556,0.12171052631578948,0.05813985133150324
ER,2,3000,17,5017,3000,2884,1.9226666666666667,541,810,831,0.782,2346,0.00769036817414448,0.05263157894736842,0.10043096588266798,0.444,1332,0.030560393237540853,0.09453302961275627,0.010621728156178628
ER,2,3000,16,5016,3000,3040,2.026666666666667,471,791,842,0.796,2388,0.01107250029087492,0.037037037037037035,0.10885392609093897,0.4806666666666667,1442,0.028272265576638984,0.1111111111111111,0.09121012898018376
ER,2,10000,1,12001,10000,9976,1.9952,1618,2686,2719,0.8026,8026,0.005660951876990783,0.02857142857142857,0.07500262058053815,0.4715,4715,0.024546577073463194,0.1044776119402985,0.025851475363595156
ER,2,10000,0,12000,10000,9886,1.9772,1648,2760,2728,0.7931,7931,0.0046109399620881675,0.024390243902439025,0.07922009433302751,0.4631,4631,0.02150922689264001,0.0967741935483871,0.04207259967949958
ER,2,3000,18,5018,3000,3034,2.022666666666667,455,841,787,0.8126666666666666,2438,0.005768193039547009,0.030303030303030304,0.09057535994015799,0.4613333333333333,1384,0.035155699311610514,0.0871191876002138,0.008268305149409214
ER,2,3000,19,5019,3000,2970,1.98,495,872,771,0.7846666666666666,2354,0.010835288154887435,0.037037037037037035,0.07377584370954966,0.46366666666666667,1391,0.028419826362620058,0.08333333333333333,0.02653490389004356
ER,2,10000,2,12002,10000,9888,1.9776,1655,2736,2719,0.7927,7927,0.005351375753285259,0.024390243902439025,0.06472871102475389,0.4651,4651,0.02707343655076011,0.09754521963824289,0.014116943649688575
ER,2,10000,3,12003,10000,10104,2.0208,1582,2650,2701,0.8048,8048,0.007279825388570194,0.06382978723404255,0.0801628590110857,0.4828,4828,0.020440879594187056,0.10344827586206896,0.0707765083378403
ER,2,10000,4,12004,10000,10078,2.0156,1508,2774,2712,0.8108,8108,0.008631655017719009,0.034482758620689655,0.07465074780863094,0.4772,4772,0.02834130188425288,0.0978588421887391,0.02386139877497772
ER,2,10000,5,12005,10000,9958,1.9916,1620,2680,2762,0.7971,7971,0.00809106964783024,0.047619047619047616,0.08833219324139903,0.4661,4661,0.02389960350774789,0.1,0.08411182703217679
ER,2,10000,7,12007,10000,10172,2.0344,1551,2702,2691,0.8058,8058,0.00794656507002256,0.05263157894736842,0.06308111113354334,0.4821,4821,0.030060783342370057,0.11571516267648864,0.037190752571303005
ER,2,10000,8,12008,10000,10007,2.0014,1625,2697,2678,0.7999,7999,0.009426762018793555,0.045454545454545456,0.07426685834665513,0.4728,4728,0.02709991154274527,0.10648518815052041,0.04794980599036249
ER,2,10000,6,12006,10000,10161,2.0322,1552,2688,2718,0.7999,7999,0.009421843461639767,0.043478260869565216,0.08472882756051844,0.484,4840,0.03444360693382542,0.09908256880733946,0.019345562447039003
ER,2,10000,9,12009,10000,10211,2.0422,1543,2663,2647,0.8084,8084,0.012331927328352865,0.09090909090909091,0.05000753848344401,0.4945,4945,0.02429361647262218,0.09090909090909091,0.164058141715456
ER,2,10000,10,12010,10000,9994,1.9988,1650,2705,2688,0.7942,7942,0.00542254314107149,0.030303030303030304,0.07964429773332472,0.4725,4725,0.030843572219013682,0.10360006288319447,0.012553090917871618
ER,2,10000,11,12011,10000,9890,1.978,1702,2654,2751,0.7878,7878,0.008689804335062723,0.04,0.08974132038814553,0.4652,4652,0.021922993993595208,0.08571428571428572,0.0679001919106978
ER,2,10000,12,12012,10000,10057,2.0114,1619,2682,2670,0.8019,8019,0.010453846567166636,0.04918032786885246,0.0519227455505398,0.4776,4776,0.01632664631384162,0.07692307692307693,0.07715492789673024
ER,2,10000,13,12013,10000,10073,2.0146,1570,2716,2749,0.8018,8018,0.008144338465561507,0.037037037037037035,0.10316428227201056,0.4774,4774,0.02260729294396313,0.09523809523809523,0.05435366194273112
ER,2,10000,16,12016,10000,10044,2.0088,1626,2656,2696,0.798,7980,0.005406931252860403,0.03225806451612903,0.0857493402753687,0.4841,4841,0.021780109537703485,0.10112359550561797,0.029940547437279585
ER,2,10000,15,12015,10000,9935,1.987,1675,2636,2742,0.7897,7897,0.006534420646139072,0.022222222222222223,0.05713326496700139,0.4735,4735,0.025688127621659174,0.11375158428390368,0.019870168765298526
ER,2,10000,17,12017,10000,9961,1.9922,1628,2768,2693,0.7928,7928,0.006302501000154503,0.03571428571428571,0.08641606354747801,0.4693,4693,0.03167045060856166,0.09364494957579639,0.005548795320249654
ER,2,10000,18,12018,10000,10109,2.0218,1613,2663,2672,0.8009,8009,0.008296280132124467,0.037037037037037035,0.08733658514269117,0.4863,4863,0.029515702119308873,0.12305854241338113,0.0383764970436037
ER,2,10000,14,12014,10000,10017,2.0034,1575,2700,2700,0.8043,8043,0.009522700002523754,0.04,0.10745727533185466,0.4767,4767,0.025463844999705776,0.10616656071201526,0.026193944047935253
ER,2,10000,19,12019,10000,9991,1.9982,1610,2742,2715,0.8005,8005,0.0066151251773447495,0.03333333333333333,0.06756144899451114,0.4703,4703,0.02976449410423254,0.10054088450524976,0.007493353095475433
ER,2,30000,1,32001,30000,29712,1.9808,4972,8242,8188,0.7901666666666667,23705,0.005096848669330134,0.02564102564102564,0.05800774130988869,0.4607,13821,0.01760360562490204,0.07692307692307693,0.07401585104655099
ER,2,30000,2,32002,30000,29952,1.9968,4905,8105,8085,0.7966,23898,0.0061766426282798825,0.023255813953488372,0.0510739694012274,0.47433333333333333,14230,0.021409617214176224,0.08571428571428572,0.053825159324299834
ER,2,30000,3,32003,30000,30120,2.008,4753,8034,8266,0.8029666666666667,24089,0.0056323273499674364,0.030303030303030304,0.06667755331023784,0.4743,14229,0.021540086744824993,0.08333333333333333,0.07752949105108554
ER,2,30000,5,32005,30000,30089,2.005933333333333,4873,8094,8095,0.7958,23874,0.007781217763165316,0.034482758620689655,0.08866112323295498,0.4728333333333333,14185,0.02475689448274543,0.1111111111111111,0.05709830765957311
ER,2,30000,0,32000,30000,29948,1.9965333333333333,4927,8140,8074,0.7942,23826,0.004864093458740726,0.03225806451612903,0.08608914776892737,0.4694,14082,0.02553997696018695,0.0967741935483871,0.045693581514212704
ER,2,30000,4,32004,30000,29856,1.9904,4986,8082,8172,0.7911333333333334,23734,0.006511240101850335,0.037037037037037035,0.10631378499486209,0.4723333333333333,14170,0.025883069010369963,0.1111111111111111,0.050016271690455576
ER,2,30000,6,32006,30000,29753,1.9835333333333334,4893,8174,8099,0.7967333333333333,23902,0.006301986358298706,0.043478260869565216,0.06192083339775284,0.4659,13977,0.019717939144606067,0.09090909090909091,0.11406126221743898
ER,2,30000,8,32008,30000,30027,2.0018,4899,8025,8081,0.7952,23856,0.004257523843747002,0.02702702702702703,0.07116931873798113,0.4758,14274,0.022495557072261363,0.10204081632653061,0.04059626522590216
ER,2,30000,9,32009,30000,30097,2.006466666666667,4823,8079,8206,0.7979666666666667,23939,0.00409641815482753,0.02702702702702703,0.06322473030094913,0.47513333333333335,14254,0.019970111712303007,0.0967741935483871,0.057132366091299756
ER,2,30000,7,32007,30000,29986,1.9990666666666668,4863,8032,8137,0.8001333333333334,24004,0.003005488262084244,0.024390243902439025,0.05827293329672592,0.4751,14253,0.026360039559560677,0.11052548358193222,0.043822353755091026
ER,2,30000,11,32011,30000,29959,1.9972666666666667,4909,8081,8119,0.7938,23814,0.008573743596166805,0.0625,0.0856148508706913,0.4735666666666667,14207,0.024667339183545023,0.11428571428571428,0.03633378555322454
ER,2,30000,10,32010,30000,29938,1.9958666666666667,4924,8037,8130,0.793,23790,0.006442837066325646,0.024390243902439025,0.055820990921588605,0.4785,14355,0.0,nan,nan
ER,2,30000,13,32013,30000,29950,1.9966666666666666,4894,8094,8163,0.7927,23781,0.00222780134345002,0.015873015873015872,0.04457288738172777,0.47086666666666666,14126,0.025416177060628264,0.1111111111111111,0.0754734408659426
ER,2,30000,12,32012,30000,30040,2.002666666666667,4881,8166,8092,0.7952666666666667,23858,0.006439123788262391,0.037037037037037035,0.08939531676662607,0.4774,14322,0.025297902508101044,0.09090909090909091,0.034046678318882945
ER,2,30000,14,32014,30000,29829,1.9886,4922,8214,8144,0.7915333333333333,23746,0.005580761611564622,0.030303030303030304,0.08142572359101419,0.4634666666666667,13904,0.01965781058162963,0.08333333333333333,0.08017310555934541
ER,2,30000,16,32016,30000,29905,1.9936666666666667,4882,8180,8089,0.7969666666666667,23909,0.002706255843418104,0.017543859649122806,0.04741428362259057,0.4698,14094,0.01758737985349379,0.08333333333333333,0.06638881844671485
ER,2,30000,17,32017,30000,30096,2.0064,4836,8056,8054,0.7989,23967,0.005180787761553729,0.02857142857142857,0.08064402919921816,0.4799,14397,0.028430824132358756,0.10650672482733552,0.0431657053595172
ER,2,30000,15,32015,30000,30032,2.0021333333333335,4771,8140,8243,0.8010333333333334,24031,0.006063630813562648,0.054945054945054944,0.0781138393897266,0.4715,14145,0.026381306322291076,0.1169078044144049,0.04477071884561375
ER,2,30000,19,32019,30000,29767,1.9844666666666666,4998,8262,7914,0.7937666666666666,23813,0.005714129983735772,0.02702702702702703,0.06953319771538093,0.46166666666666667,13850,0.022588184870268924,0.09090909090909091,0.07471039097309459
ER,2,30000,18,32018,30000,29954,1.9969333333333332,4897,8102,8078,0.7952333333333333,23857,0.007602050556506645,0.0707070707070707,0.030977033425475278,0.4725,14175,0.0203097728965429,0.09090909090909091,0.07579937495642501
ER,2,100000,1,102001,100000,99307,1.98614,16509,27338,26912,0.7932,79320,0.003348200347673247,0.02040816326530612,0.05546100967510021,0.46719,46719,0.018460904179750548,0.09090909090909091,0.07232299654559957
ER,2,100000,3,102003,100000,99896,1.99792,16401,26952,27060,0.79452,79452,0.0028655035620550606,0.02564102564102564,0.05024677857835412,0.47231,47231,0.025628453962303066,0.1076995748700992,0.02991761339260637
ER,2,100000,4,102004,100000,99994,1.99988,16136,27131,27152,0.79678,79678,0.004041428608932529,0.02702702702702703,0.07884834475618581,0.47354,47354,0.021299110144370914,0.1,0.05150532475747464
ER,2,100000,2,102002,100000,99993,1.99986,16207,27028,27103,0.79786,79786,0.003860194262849781,0.023255813953488372,0.05443926516093991,0.47318,47318,0.017843811025186618,0.08571428571428572,0.0748436952823561
ER,2,100000,5,102005,100000,100197,2.00394,16088,26916,27245,0.79868,79868,0.003919512247320345,0.02857142857142857,0.08190978312218983,0.47422,47422,0.018539755783629985,0.08333333333333333,0.07484350831520949
ER,2,100000,0,102000,100000,100276,2.00552,16164,26897,27188,0.7984,79840,0.0048108218598506,0.024390243902439025,0.0665894115042634,0.47504,47504,0.020269490803581647,0.08333333333333333,0.07735935881639414
ER,2,100000,6,102006,100000,100206,2.00412,16101,27047,27029,0.799,79900,0.0033962331758989883,0.017543859649122806,0.04586844856783615,0.47565,47565,0.019160072936726058,0.09523809523809523,0.06672492398669283
ER,2,100000,9,102009,100000,100046,2.00092,16143,26940,27074,0.79773,79773,0.0053413650052380746,0.047619047619047616,0.07454091303321227,0.47522,47522,0.014342059639752769,0.07692307692307693,0.07220689466069233
ER,2,100000,7,102007,100000,99970,1.9994,16193,27110,26966,0.79579,79579,0.00566944374863354,0.037037037037037035,0.09979684628188595,0.47297,47297,0.0173396976760416,0.09090909090909091,0.054793481912544406
ER,2,100000,8,102008,100000,99815,1.9963,16318,27130,27017,0.79458,79458,0.004182837987289245,0.030303030303030304,0.06302744117062702,0.47205,47205,0.021244580552971737,0.09090909090909091,0.08157887570249048
ER,2,100000,12,102012,100000,99981,1.99962,16179,27267,26983,0.79469,79469,0.005438281996221761,0.037037037037037035,0.08213188874186382,0.47221,47221,0.019243398936671374,0.08333333333333333,0.06462163693493629
ER,2,100000,10,102010,100000,99391,1.98782,16438,27221,27254,0.79173,79173,0.006115797006505774,0.047619047619047616,0.09481505544741674,0.46642,46642,0.017214504532432562,0.10344827586206896,0.054364735752136996
ER,2,100000,11,102011,100000,100084,2.00168,16108,27233,27077,0.79803,79803,0.006527027543559827,0.02857142857142857,0.039392640207915205,0.47152,47152,0.023835754707653978,0.09090909090909091,0.06824661932289001
ER,2,100000,14,102014,100000,100187,2.00374,16176,26913,27015,0.79876,79876,0.004438631887353495,0.030303030303030304,0.10198560518289865,0.47548,47548,0.016720919604662265,0.08333333333333333,0.07006814103076181
ER,2,100000,13,102013,100000,99624,1.99248,16260,27118,27174,0.7958,79580,0.005689638500893768,0.023255813953488372,0.07359549735593417,0.46862,46862,0.0179739203941347,0.07692307692307693,0.08157516924149519
ER,3,100,0,3100,100,139,2.78,7,13,28,0.92,92,0.08351372382010858,0.13636363636363635,0.07321564488031301,0.77,77,0.10430730274484233,0.15702479338842976,0.038676459149479744
ER,3,100,1,3101,100,160,3.2,3,13,20,0.97,97,0.09291404140585724,0.15384615384615385,0.03331271035639337,0.85,85,0.10907237089692963,0.16083916083916083,0.02765218875520404
ER,3,100,2,3102,100,160,3.2,4,14,19,0.97,97,0.08515833442390107,0.2,0.1439525811800183,0.81,81,0.13256332498451573,0.18032786885245902,0.09213946694339493
ER,3,100,3,3103,100,140,2.8,12,15,20,0.86,86,0.09360671905175383,0.10948905109489052,0.02727683514601361,0.75,75,0.09796762364111597,0.13043478260869565,0.03574576671096043
ER,3,100,4,3104,100,145,2.9,4,12,31,0.97,97,0.0807221894271258,0.16083916083916083,0.040759685102686447,0.82,82,0.0879143085586087,0.13821138211382114,0.041899570629847394
ER,3,100,5,3105,100,126,2.52,12,16,30,0.88,88,0.0579774837472447,0.14285714285714285,0.13974605395271686,0.67,67,0.08794331840015648,0.16279069767441862,0.05576598265463446
ER,3,100,6,3106,100,152,3.04,4,19,20,0.97,97,0.0905527989832246,0.1506849315068493,0.1038823810376018,0.73,73,0.1275086926645572,0.1746031746031746,0.05951438483382771
ER,3,100,7,3107,100,145,2.9,10,20,15,0.89,89,0.0889786797139044,0.16176470588235295,0.07643203944362437,0.69,69,0.1212018183017088,0.18032786885245902,0.0393630326382557
ER,3,100,8,3108,100,148,2.96,4,14,22,0.97,97,0.08964451043378914,0.17006802721088435,0.07979175948948473,0.82,82,0.11276181336127226,0.15384615384615385,0.031942648062709605
ER,3,100,9,3109,100,163,3.26,6,9,22,0.95,95,0.11558661171589485,0.16770186335403728,0.03606856703819619,0.84,84,0.12072853252987266,0.18620689655172415,0.04813323952093362
ER,3,100,10,3110,100,150,3.0,5,9,30,0.96,96,0.08630254658812944,0.1527777777777778,0.06105847773941823,0.85,85,0.09494156198206148,0.16535433070866143,0.05466312943303376
ER,3,100,11,3111,100,160,3.2,6,8,20,0.95,95,0.10622402715840525,0.16981132075471697,0.03952807137238793,0.86,86,0.11435297506200903,0.18120805369127516,0.05574753214599593
ER,3,100,12,3112,100,162,3.24,5,10,24,0.96,96,0.11395462827581634,0.15463917525773196,0.021760473924004164,0.86,86,0.12234897080680918,0.15862068965517243,0.024092579996811195
ER,3,100,13,3113,100,165,3.3,4,8,25,0.97,97,0.11574583155587599,0.2073170731707317,0.14749621653898695,0.88,88,0.14729190873019957,0.2052980132450331,0.03148091639132167
ER,3,100,14,3114,100,151,3.02,3,14,17,0.98,98,0.10923629185367213,0.13333333333333333,0.05268687732627687,0.82,82,0.13214186480067344,0.16923076923076924,0.02933313238261502
ER,3,100,15,3115,100,158,3.16,6,13,21,0.95,95,0.1221895801311746,0.189873417721519,0.030708078990754013,0.79,79,0.1507336604087539,0.2112676056338028,0.043230362049380404
ER,3,100,16,3116,100,141,2.82,5,12,33,0.96,96,0.08416115996238294,0.11428571428571428,0.029458369580858224,0.83,83,0.09322588916970256,0.13793103448275862,0.030189967963894143
ER,3,100,17,3117,100,160,3.2,6,9,23,0.95,95,0.11892561484716774,0.22058823529411764,0.046684528980464705,0.84,84,0.12951733434205204,0.22758620689655173,0.0481116811168321
ER,3,100,18,3118,100,128,2.56,14,15,21,0.87,87,0.03866016775038495,0.07692307692307693,0.18070260290180018,0.66,66,0.053045061823948185,0.1111111111111111,0.24464574277748843
ER,3,100,19,3119,100,151,3.02,5,12,31,0.95,95,0.08319075483372401,0.1590909090909091,0.10822949239507135,0.83,83,0.10865659976555056,0.12408759124087591,0.023810000671954087
ER,3,200,0,3200,200,290,2.9,14,32,44,0.93,186,0.05841778279115178,0.1111111111111111,0.19784111089838266,0.75,150,0.10747617084575078,0.15517241379310345,0.0325647321825179
ER,3,200,1,3201,200,342,3.42,6,27,42,0.97,194,0.06604930427690944,0.16666666666666666,0.18867753773770493,0.835,167,0.12530838869677952,0.1649122807017544,0.01881653227587858
ER,3,200,2,3202,200,278,2.78,17,31,47,0.915,183,0.04815816466355139,0.14285714285714285,0.1900898993790333,0.73,146,0.09851069397802512,0.15151515151515152,0.03647958831097958
ER,3,200,3,3203,200,317,3.17,11,27,44,0.945,189,0.09446605211024998,0.2,0.25430877179605077,0.8,160,0.12738922883232023,0.15151515151515152,0.019028602681845978
ER,3,200,4,3204,200,300,3.0,7,35,53,0.96,192,0.06310152465432549,0.17647058823529413,0.16060028830070647,0.75,150,0.10892481450987808,0.17647058823529413,0.024560382987374004
ER,3,200,5,3205,200,304,3.04,15,29,41,0.91,182,0.05815976484316247,0.14285714285714285,0.19676561660266212,0.76,152,0.11272984833731231,0.17870722433460076,0.018834249992212854
ER,3,200,6,3206,200,299,2.99,9,28,46,0.96,192,0.06956961284304876,0.12751677852348994,0.014589417976544714,0.785,157,0.08344935876670179,0.14942528735632185,0.01598880310639686
ER,3,200,7,3207,200,276,2.76,12,32,58,0.94,188,0.06045957441590014,0.11711711711711711,0.015903014596357012,0.765,153,0.07555419133051988,0.12931034482758622,0.018532695139416962
ER,3,200,8,3208,200,274,2.74,14,44,39,0.915,183,0.03950647591585099,0.1111111111111111,0.19655380276718515,0.66,132,0.08457696056242833,0.18181818181818182,0.05881235335576473
ER,3,200,9,3209,200,304,3.04,15,30,36,0.925,185,0.06563947870158127,0.14285714285714285,0.20692542078021342,0.755,151,0.10363811973208341,0.1865671641791045,0.03266471006744303
ER,3,200,10,3210,200,326,3.26,9,24,39,0.955,191,0.07208683214292941,0.14285714285714285,0.20144256691402349,0.815,163,0.11635304473906119,0.18493150684931506,0.11816842734202743
ER,3,200,11,3211,200,270,2.7,14,30,58,0.93,186,0.03857331350188349,0.1111111111111111,0.2045394313287497,0.72,144,0.07193089234682647,0.16363636363636364,0.0707921708991114
ER,3,200,12,3212,200,296,2.96,10,31,46,0.955,191,0.05868680451791998,0.16666666666666666,0.11937581790477501,0.77,154,0.08595527970893285,0.15294117647058825,0.07529201226537004
ER,3,200,13,3213,200,331,3.31,9,17,46,0.96,192,0.07187031104061417,0.19672131147540983,0.10013400534378009,0.86,172,0.07267427043462815,0.19831223628691982,0.10604808394846572
ER,3,200,14,3214,200,306,3.06,12,30,47,0.935,187,0.08175521450293877,0.1891891891891892,0.03660042084844793,0.78,156,0.10032732796833162,0.18382352941176472,0.03079042660026152
ER,3,200,15,3215,200,304,3.04,8,32,44,0.96,192,0.06537065775946362,0.13712374581939799,0.0594219433179333,0.785,157,0.08137309043780035,0.1450381679389313,0.05625080413307316
ER,3,200,16,3216,200,281,2.81,10,31,54,0.95,190,0.0412580543319502,0.125,0.09739696609932916,0.77,154,0.0676956598753807,0.15481171548117154,0.05467895279674579
ER,3,200,17,3217,200,281,2.81,9,39,48,0.955,191,0.05860365403828636,0.12857142857142856,0.04719478186811114,0.72,144,0.06702930293137783,0.16666666666666666,0.12534630073910322
ER,3,200,18,3218,200,320,3.2,10,26,49,0.95,190,0.06272887467045032,0.14285714285714285,0.13833643484520933,0.805,161,0.07482361349057931,0.16666666666666666,0.145678114602154
ER,3,200,19,3219,200,306,3.06,10,33,41,0.95,190,0.0840309160698427,0.1793103448275862,0.21114711808125483,0.77,154,0.1134146413118462,0.14925373134328357,0.0418236968450083
ER,3,500,0,3500,500,753,3.012,25,77,112,0.936,468,0.06474827108823578,0.16666666666666666,0.09940371173428526,0.782,391,0.08234244039666103,0.1750380517503805,0.10766391591617884
ER,3,500,1,3501,500,795,3.18,25,57,111,0.95,475,0.05230536759145635,0.14285714285714285,0.23518765601593117,0.82,410,0.11212898453686612,0.1883656509695291,0.028177726294283084
ER,3,500,2,3502,500,739,2.956,38,77,98,0.924,462,0.05890121611625011,0.1111111111111111,0.0754970040498702,0.742,371,0.07170889436328044,0.2,0.09069527182392517
ER,3,500,3,3503,500,735,2.94,30,78,116,0.938,469,0.07433234432979444,0.15862068965517243,0.030396831281757637,0.762,381,0.09207273382357334,0.16850393700787403,0.060014074109726666
ER,3,500,4,3504,500,726,2.904,31,87,116,0.91,455,0.05876337889473803,0.14285714285714285,0.2501098735488393,0.726,363,0.08761293730786543,0.16369529983792544,0.055953545858864494
ER,3,500,5,3505,500,697,2.788,30,92,122,0.934,467,0.02701390392453142,0.09090909090909091,0.1774357758152234,0.716,358,0.06621097070141636,0.16006884681583478,0.05229594327325759
ER,3,500,6,3506,500,762,3.048,31,73,91,0.932,466,0.07666474536528088,0.16666666666666666,0.1990717356437715,0.776,388,0.11068369437122416,0.17699115044247787,0.03785297710622469
ER,3,500,7,3507,500,736,2.944,33,76,100,0.922,461,0.06889662771300459,0.14285714285714285,0.1637187823100114,0.768,384,0.09741111519850713,0.15772870662460567,0.01419945178757721
ER,3,500,8,3508,500,702,2.808,26,96,135,0.944,472,0.07225682756095451,0.1204644412191582,0.015769214157885434,0.722,361,0.08785237285186259,0.13458262350936967,0.016496527732760728
ER,3,500,9,3509,500,749,2.996,27,90,104,0.944,472,0.07877103491742511,0.15013404825737264,0.08218681061104509,0.748,374,0.09991037843436373,0.1561051004636785,0.03968783132195052
ER,3,500,10,3510,500,743,2.972,22,82,117,0.956,478,0.05839070384767916,0.14285714285714285,0.19889084722301342,0.766,383,0.08629174245275541,0.15301391035548687,0.047505437883581365
ER,3,500,11,3511,500,744,2.976,34,70,117,0.924,462,0.07467318445667237,0.14285714285714285,0.10964553621455456,0.788,394,0.09367506816776619,0.15015015015015015,0.01626608435144552
ER,3,500,12,3512,500,707,2.828,29,77,134,0.942,471,0.05274753664506052,0.1111111111111111,0.19656955418799524,0.76,380,0.05864707545354137,0.14285714285714285,0.13043088002132924
ER,3,500,13,3513,500,762,3.048,19,71,114,0.96,480,0.0688178208272444,0.1752021563342318,0.05760609228765611,0.81,405,0.08685757008113122,0.15542521994134897,0.04292427038036849
ER,3,500,14,3514,500,716,2.864,27,92,113,0.946,473,0.06641574175120044,0.1282051282051282,0.03966792572788953,0.734,367,0.09148655704959684,0.14480408858603067,0.020979272697564517
ER,3,500,15,3515,500,712,2.848,33,84,108,0.918,459,0.060119528349282275,0.1383737517831669,0.06743947211324446,0.746,373,0.07150031252125084,0.1507293354943274,0.045272073644622476
ER,3,500,16,3516,500,778,3.112,27,70,93,0.944,472,0.059196174088479867,0.1111111111111111,0.17423728790837945,0.796,398,0.1003872223925641,0.1530758226037196,0.05426974049342011
ER,3,500,17,3517,500,718,2.872,34,73,124,0.928,464,0.03420338515182473,0.1111111111111111,0.19548338982335733,0.736,368,0.08721182766180531,0.14100486223662884,0.010766202371543463
ER,3,500,18,3518,500,763,3.052,22,76,105,0.958,479,0.052550950057560435,0.1111111111111111,0.13936778673991101,0.768,384,0.09761937635366133,0.1566265060240964,0.011844274727673876
ER,3,500,19,3519,500,727,2.908,28,76,110,0.942,471,0.01733186823188356,0.06666666666666667,0.16360515808209733,0.754,377,0.08780972964034948,0.1741472172351885,0.03345913610903509
ER,3,1000,0,4000,1000,1511,3.022,50,144,224,0.947,947,0.06149885418168199,0.16883116883116883,0.14274744716157428,0.783,783,0.09183453773559443,0.16527037319116528,0.013965322139580351
ER,3,1000,1,4001,1000,1427,2.854,66,172,215,0.932,932,0.055110745411120474,0.1414496833216045,0.15657270134696963,0.735,735,0.07571266697987919,0.1836734693877551,0.0593114879325958
ER,3,1000,2,4002,1000,1479,2.958,50,167,226,0.942,942,0.032482517624881524,0.09090909090909091,0.17852053533854675,0.759,759,0.09129856216115416,0.16264591439688716,0.03725772445120352
ER,3,1000,3,4003,1000,1461,2.922,50,165,235,0.947,947,0.03910600067830834,0.1111111111111111,0.201516670188187,0.753,753,0.0894918578809168,0.1641554321966693,0.02140913638762802
ER,3,1000,4,4004,1000,1483,2.966,45,151,237,0.952,952,0.03187684723910928,0.07692307692307693,0.1741971227515345,0.772,772,0.071845682304028,0.1820294345468629,0.09289089758022771
ER,3,1000,5,4005,1000,1493,2.986,68,148,213,0.928,928,0.06104341275052986,0.14285714285714285,0.25307148208019276,0.764,764,0.0860462060247015,0.15495086923658352,0.0953563273332214
ER,2,100000,15,102015,100000,99837,1.99674,16187,27290,27149,0.79566,79566,0.004933892946838991,0.043478260869565216,0.09204040081945833,0.46785,46785,0.02100399031496325,0.1,0.0831270044067162
ER,3,1000,6,4006,1000,1507,3.014,45,135,237,0.954,954,0.0496261805866974,0.13043478260869565,0.2059894253666802,0.797,797,0.07468185099679044,0.16431226765799256,0.09873222664746335
ER,3,1000,7,4007,1000,1506,3.012,64,151,212,0.934,934,0.053862408799748275,0.1111111111111111,0.1873647574521905,0.756,756,0.09757333248194491,0.16515151515151516,0.023455307414850263
ER,3,1000,8,4008,1000,1504,3.008,55,154,216,0.937,937,0.06116361202378987,0.14285714285714285,0.23335214204334007,0.768,768,0.08380555819005936,0.16906747536012132,0.11500079780947224
ER,3,1000,9,4009,1000,1501,3.002,61,152,207,0.939,939,0.05399433728478762,0.14285714285714285,0.09991261843578822,0.755,755,0.06622799603441049,0.16666666666666666,0.12339705642712627
ER,3,1000,10,4010,1000,1485,2.97,46,154,242,0.95,950,0.050879573178993505,0.1111111111111111,0.13135632048809998,0.771,771,0.08985615204136593,0.1552123552123552,0.011697557534977953
ER,3,1000,11,4011,1000,1463,2.926,64,139,245,0.934,934,0.05192087561654198,0.1111111111111111,0.18250893390808284,0.772,772,0.08750247090111661,0.13505074160811867,0.01877232358339402
ER,3,1000,12,4012,1000,1473,2.946,49,169,213,0.946,946,0.04291750111566876,0.14285714285714285,0.18457120199655985,0.757,757,0.07542550219304925,0.16639741518578352,0.0628729352665402
ER,3,1000,13,4013,1000,1483,2.966,51,143,240,0.943,943,0.06276605963657676,0.16666666666666666,0.17307532941990195,0.783,783,0.08865329799063255,0.14670896114195084,0.008579637439892145
ER,3,1000,14,4014,1000,1547,3.094,48,138,228,0.95,950,0.053278381483340395,0.14285714285714285,0.20229819166522037,0.791,791,0.09475978193448384,0.15542521994134897,0.03249374986091847
ER,3,1000,15,4015,1000,1492,2.984,64,143,247,0.933,933,0.040509374784323614,0.1111111111111111,0.2267928849544664,0.772,772,0.09130158158312711,0.15146948003014318,0.02954314815953837
ER,3,1000,16,4016,1000,1561,3.122,45,136,215,0.955,955,0.05368341300374685,0.1111111111111111,0.230307112517445,0.797,797,0.09688385093249888,0.16666666666666666,0.017665650854367936
ER,3,1000,17,4017,1000,1471,2.942,60,153,249,0.927,927,0.049810690450548756,0.1111111111111111,0.1163863278378246,0.767,767,0.06051499285974577,0.16666666666666666,0.1590300760371488
ER,3,1000,18,4018,1000,1497,2.994,49,151,219,0.95,950,0.04707126024894967,0.09090909090909091,0.15521609752518653,0.775,775,0.09462859015895526,0.16109422492401215,0.010628925665208898
ER,2,100000,18,102018,100000,99740,1.9948,16324,27005,27093,0.79634,79634,0.005086136751878412,0.03225806451612903,0.06814978821066454,0.47166,47166,0.023543589793378228,0.13036814817230247,0.04308206387031431
ER,3,1000,19,4019,1000,1461,2.922,59,144,243,0.937,937,0.0569749749481122,0.1111111111111111,0.0835289475107633,0.771,771,0.0847662448708687,0.14906832298136646,0.08174755253934594
ER,3,3000,0,6000,3000,4512,3.008,171,439,681,0.9373333333333334,2812,0.039048341899426076,0.14285714285714285,0.14521158047505087,0.7693333333333333,2308,0.08357151468702684,0.16112789526686808,0.0443988871924063
ER,3,3000,1,6001,3000,4285,2.8566666666666665,178,521,723,0.931,2793,0.023233500914323857,0.09090909090909091,0.1706877505803635,0.7316666666666667,2195,0.06731895608473581,0.16666666666666666,0.13467907920450609
ER,3,3000,2,6002,3000,4466,2.977333333333333,167,435,665,0.9383333333333334,2815,0.04940711225117922,0.14285714285714285,0.13470024612035214,0.778,2334,0.08392549780666703,0.15580448065173116,0.011379872204562753
ER,3,3000,3,6003,3000,4546,3.030666666666667,149,446,705,0.9446666666666667,2834,0.030850494012054863,0.07692307692307693,0.13957913649250114,0.7833333333333333,2350,0.08590776050204796,0.17111222949169602,0.034034639236881145
ER,3,3000,4,6004,3000,4569,3.046,151,449,649,0.9453333333333334,2836,0.04997020506665728,0.1111111111111111,0.18708472531417836,0.777,2331,0.07353505768456792,0.18337045285820341,0.07490581736850033
ER,2,100000,17,102017,100000,99884,1.99768,16280,27027,27204,0.79646,79646,0.004391467125875348,0.024390243902439025,0.052989410867042355,0.47154,47154,0.01884538485797549,0.09090909090909091,0.04498338152665015
ER,2,100000,19,102019,100000,99997,1.99994,16009,27300,26906,0.79876,79876,0.0034800295209838072,0.024390243902439025,0.0699440190702165,0.47227,47227,0.015676254868410178,0.07692307692307693,0.0691316331235019
ER,3,3000,5,6005,3000,4580,3.0533333333333332,155,454,616,0.944,2832,0.0470620914089821,0.09090909090909091,0.15879377754230717,0.7683333333333333,2305,0.095355429981129,0.15249194148276718,0.016208332430219897
ER,3,3000,6,6006,3000,4439,2.9593333333333334,175,433,708,0.9393333333333334,2818,0.04614617347057903,0.14285714285714285,0.21518277862251398,0.7706666666666667,2312,0.0834350078045758,0.1598056762976221,0.0996799258495783
ER,3,3000,7,6007,3000,4489,2.9926666666666666,155,465,668,0.945,2835,0.04704066249775907,0.1111111111111111,0.04665339284142035,0.773,2319,0.0737758851946766,0.19493029150823826,0.04992488309344662
ER,3,3000,8,6008,3000,4519,3.0126666666666666,168,452,652,0.941,2823,0.045170421746422385,0.1111111111111111,0.21364355916703903,0.772,2316,0.08466780929408269,0.1702074481379655,0.053248854801577754
ER,3,3000,9,6009,3000,4546,3.030666666666667,157,463,636,0.943,2829,0.030882984330274477,0.09090909090909091,0.17976287988889375,0.7663333333333333,2299,0.0897609853683976,0.15971007248187952,0.03405818315840689
ER,3,3000,10,6010,3000,4485,2.99,177,438,672,0.9326666666666666,2798,0.028373131773135718,0.07692307692307693,0.18289234088139036,0.777,2331,0.08984857354492526,0.15159107992984214,0.010821963859440106
ER,3,3000,13,6013,3000,4597,3.0646666666666667,132,435,679,0.953,2859,0.049481689391404515,0.14285714285714285,0.11726618608527035,0.7816666666666666,2345,0.0878580114535179,0.17158308751229107,0.019516759333240336
ER,3,3000,14,6014,3000,4529,3.0193333333333334,160,425,725,0.9416666666666667,2825,0.047614010022325015,0.1111111111111111,0.21508451219343563,0.779,2337,0.06724270669523613,0.16666666666666666,0.13132698589961672
ER,3,3000,16,6016,3000,4566,3.044,146,439,678,0.9463333333333334,2839,0.046857742054461804,0.125,0.12257159715939453,0.7816666666666666,2345,0.04705424631691568,0.125,0.1366391856260311
ER,3,3000,17,6017,3000,4455,2.97,176,473,654,0.933,2799,0.044909097580436486,0.1111111111111111,0.25906125522899875,0.7636666666666667,2291,0.07833896086155234,0.17419025758735016,0.10892193135336709
ER,3,3000,11,6011,3000,4561,3.0406666666666666,146,443,675,0.948,2844,0.03691923428390531,0.09090909090909091,0.201441876698963,0.777,2331,0.09073654206593318,0.16129032258064516,0.02643289968114683
ER,3,3000,12,6012,3000,4516,3.010666666666667,172,465,662,0.9373333333333334,2812,0.040697912021466776,0.1111111111111111,0.2152657832360957,0.766,2298,0.08724058548200442,0.1717019133937563,0.04943820851177663
ER,3,3000,19,6019,3000,4473,2.982,170,469,659,0.9363333333333334,2809,0.03374278998534708,0.06666666666666667,0.1529447362516048,0.7583333333333333,2275,0.07195272348637682,0.19682214249103025,0.08338433238866823
ER,3,3000,18,6018,3000,4529,3.0193333333333334,166,441,666,0.9406666666666667,2822,0.05687072694953432,0.14285714285714285,0.22884083664593033,0.771,2313,0.07858079840786103,0.18431568431568432,0.06698919396557063
ER,3,3000,15,6015,3000,4540,3.026666666666667,153,439,648,0.9453333333333334,2836,0.04769923752413052,0.1111111111111111,0.19941616719639169,0.7796666666666666,2339,0.09029223579419776,0.15384615384615385,0.007298101103309605
ER,3,10000,1,13001,10000,15314,3.0628,514,1444,2198,0.9438,9438,0.016988318231732746,0.06666666666666667,0.1607670310341113,0.7821,7821,0.08131774952191417,0.16936844421624,0.09945909699895929
ER,3,10000,0,13000,10000,15082,3.0164,526,1516,2207,0.9423,9423,0.029788264340812942,0.09090909090909091,0.21891133444192115,0.7728,7728,0.08066843209918506,0.16985663889514374,0.026163230297135357
ER,3,10000,4,13004,10000,14875,2.975,561,1498,2226,0.9382,9382,0.0301382223687916,0.07692307692307693,0.18734171628772195,0.7709,7709,0.07945834580301314,0.16737674984783932,0.05548951484362048
ER,3,10000,2,13002,10000,15040,3.008,545,1542,2214,0.9395,9395,0.029274885915463456,0.09090909090909091,0.10693752324457313,0.7669,7669,0.0689848047313324,0.19501133786848074,0.12200875529666674
ER,3,10000,3,13003,10000,14902,2.9804,573,1503,2234,0.938,9380,0.03733533635857911,0.14285714285714285,0.17542945085073583,0.7705,7705,0.07611317057132116,0.16906010181597142,0.128408420586565
ER,3,10000,6,13006,10000,15095,3.019,537,1463,2198,0.942,9420,0.04154857307815063,0.1111111111111111,0.1658067490244835,0.776,7760,0.08026511817956927,0.17457234630611787,0.10252090177120785
ER,3,10000,7,13007,10000,15059,3.0118,521,1466,2287,0.9435,9435,0.03559014062143384,0.09090909090909091,0.17939004970289255,0.7797,7797,0.0684800589979142,0.19087761553514979,0.12307927932652604
ER,3,10000,5,13005,10000,14912,2.9824,564,1546,2219,0.9387,9387,0.033843518549341756,0.1111111111111111,0.16966819823276136,0.7645,7645,0.07132603582614139,0.1832598437379129,0.09009873293584414
ER,3,10000,9,13009,10000,15008,3.0016,538,1468,2284,0.9412,9412,0.04632057852623328,0.09090909090909091,0.16893024110373547,0.7747,7747,0.07280109503983723,0.16666666666666666,0.13287290040515723
ER,3,10000,8,13008,10000,14904,2.9808,576,1431,2304,0.9351,9351,0.027801728028408856,0.09090909090909091,0.19523915241949116,0.778,7780,0.07221630511019939,0.1832855634333987,0.06295665943209075
ER,2,100000,16,102016,100000,99991,1.99982,16194,27179,26846,0.79837,79837,0.003431312533020092,0.017543859649122806,0.05417567757082592,0.47083,47083,0.022765292893150102,0.125,0.0467218983692929
ER,3,10000,10,13010,10000,15150,3.03,496,1543,2136,0.9452,9452,0.03131638725794561,0.09090909090909091,0.20382567061160548,0.7733,7733,0.07755279583981789,0.17599521101466628,0.11303833470173037
ER,3,10000,11,13011,10000,14973,2.9946,540,1490,2224,0.9412,9412,0.029307424871198418,0.058823529411764705,0.11918993934924414,0.7712,7712,0.06968931362770303,0.16666666666666666,0.13466340320915454
ER,3,10000,12,13012,10000,15038,3.0076,566,1486,2227,0.9367,9367,0.027828189201411613,0.06666666666666667,0.15249944626806242,0.7704,7704,0.07477385082734389,0.14285714285714285,0.10804804306586874
ER,3,10000,14,13014,10000,14894,2.9788,592,1496,2308,0.9357,9357,0.02797206350014969,0.07692307692307693,0.17331748336889444,0.7672,7672,0.03366057672835421,0.14285714285714285,0.0964143361837141
ER,3,10000,13,13013,10000,14808,2.9616,563,1544,2314,0.9369,9369,0.03369268907925682,0.09090909090909091,0.19791640742489558,0.7608,7608,0.0759237918739819,0.16314572089437163,0.04735896796160703
ER,3,10000,16,13016,10000,14987,2.9974,557,1510,2228,0.938,9380,0.02943947920062362,0.09090909090909091,0.188737999578558,0.7711,7711,0.07524016079060414,0.1684067181116659,0.03263401936479566
ER,3,10000,18,13018,10000,14718,2.9436,570,1577,2267,0.937,9370,0.03689683875100558,0.1111111111111111,0.14194645932262862,0.7599,7599,0.06567611324920786,0.16666666666666666,0.12884046742087996
ER,3,10000,17,13017,10000,15173,3.0346,505,1476,2249,0.9448,9448,0.04461536969150748,0.14285714285714285,0.17724525463776628,0.7825,7825,0.07310858148602062,0.18506445399318416,0.09234387700561653
ER,3,10000,15,13015,10000,15050,3.01,575,1481,2216,0.9385,9385,0.033461613657813194,0.09090909090909091,0.20708858131441968,0.7714,7714,0.05421332702717763,0.15789473684210525,0.11940929001359495
ER,3,10000,19,13019,10000,15057,3.0114,538,1501,2269,0.9407,9407,0.02156720030837267,0.07692307692307693,0.18334128191329532,0.7734,7734,0.07660267092509532,0.17738059477320517,0.04402931012434704
ER,3,30000,0,33000,30000,44971,2.998066666666667,1612,4492,6826,0.9408666666666666,28226,0.022106259132103512,0.06666666666666667,0.15527214202223955,0.7723,23169,0.07017039629348987,0.17554945746582412,0.0678743851862078
ER,3,30000,1,33001,30000,44929,2.9952666666666667,1677,4473,6698,0.9379666666666666,28139,0.022154773543755724,0.06666666666666667,0.13020095667447068,0.7711,23133,0.05700185739705854,0.16666666666666666,0.11449702409197131
ER,3,30000,2,33002,30000,45020,3.001333333333333,1628,4416,6781,0.9411333333333334,28234,0.01974354059727501,0.06666666666666667,0.13945236757064622,0.7745,23235,0.06336438063700167,0.16666666666666666,0.1263585470870998
ER,3,30000,3,33003,30000,44964,2.9976,1651,4508,6700,0.9391,28173,0.029990558270456713,0.07692307692307693,0.15777696250844597,0.7704333333333333,23113,0.06560643358314588,0.1855602579604998,0.11084565952586495
ER,3,30000,4,33004,30000,45005,3.0003333333333333,1692,4506,6646,0.9379,28137,0.031129405253277342,0.09090909090909091,0.1972951391982521,0.7702,23106,0.06290333744286891,0.15789473684210525,0.1080033180792232
ER,3,30000,5,33005,30000,45057,3.0038,1603,4526,6677,0.9405666666666667,28217,0.028087368382244238,0.07692307692307693,0.17184301952732361,0.7707666666666667,23123,0.07624985372065418,0.17483150588471985,0.10278534921708857
ER,3,30000,6,33006,30000,45233,3.0155333333333334,1571,4468,6637,0.9435,28305,0.023591748108830357,0.06666666666666667,0.15158042825880808,0.7742666666666667,23228,0.06788603690755379,0.17647058823529413,0.10843899689112763
ER,3,30000,9,33009,30000,44790,2.986,1657,4530,6790,0.9398333333333333,28195,0.021211844886755538,0.058823529411764705,0.137161909190202,0.7673333333333333,23020,0.06497805848622629,0.15789473684210525,0.10561987908032272
ER,3,30000,11,33011,30000,45320,3.021333333333333,1602,4413,6622,0.9418666666666666,28256,0.02505112927138531,0.047619047619047616,0.09568222935844241,0.7761666666666667,23285,0.07215586628935045,0.16666666666666666,0.13170890439485392
ER,3,30000,10,33010,30000,45239,3.0159333333333334,1644,4388,6732,0.9395,28185,0.03697923749973819,0.1111111111111111,0.23474463790007782,0.7769666666666667,23309,0.06732479612190256,0.18181818181818182,0.10242128308387059
ER,3,30000,7,33007,30000,45107,3.0071333333333334,1647,4455,6681,0.9391,28173,0.025397612133824632,0.07692307692307693,0.17901434971291888,0.7751666666666667,23255,0.06611858581981944,0.16666666666666666,0.10077592260323535
ER,3,30000,8,33008,30000,45101,3.0067333333333335,1608,4508,6653,0.9411333333333334,28234,0.0292345039414863,0.09090909090909091,0.18737395694976755,0.7727666666666667,23183,0.06143812516933278,0.16666666666666666,0.12999310186964166
ER,3,30000,12,33012,30000,45173,3.0115333333333334,1589,4422,6798,0.9413666666666667,28241,0.017688516401103582,0.058823529411764705,0.1440907654181196,0.7756666666666666,23270,0.05892838116592447,0.2,0.10744594209877725
ER,3,30000,13,33013,30000,45147,3.0098,1590,4551,6585,0.9421666666666667,28265,0.021893946350158622,0.06666666666666667,0.1717110795654839,0.7703666666666666,23111,0.06219773162820341,0.16666666666666666,0.12197484020084894
ER,3,30000,14,33014,30000,45148,3.0098666666666665,1584,4439,6715,0.9422,28266,0.030782594200842173,0.1111111111111111,0.1678692766888912,0.7758333333333334,23275,0.05309492353319012,0.16666666666666666,0.11893416228052985
ER,3,30000,15,33015,30000,44813,2.9875333333333334,1608,4612,6685,0.9412333333333334,28237,0.021717056819478664,0.05263157894736842,0.12136705466018646,0.7664,22992,0.06688630832259479,0.16666666666666666,0.13774926751582023
ER,3,30000,17,33017,30000,44917,2.994466666666667,1633,4500,6738,0.9401666666666667,28205,0.02031262175632831,0.09090909090909091,0.142734123127939,0.7715333333333333,23146,0.06780563607631684,0.16666666666666666,0.09369006963277612
ER,3,30000,16,33016,30000,45340,3.022666666666667,1624,4443,6594,0.9409666666666666,28229,0.026573978788350328,0.07692307692307693,0.17591173130367274,0.7744666666666666,23234,0.07461442085880843,0.18378620483726485,0.11412907008458605
ER,3,30000,18,33018,30000,44999,2.9999333333333333,1672,4444,6729,0.9388,28164,0.027684879172678034,0.1,0.1446399776656296,0.7726333333333333,23179,0.05973121133329329,0.16666666666666666,0.1323083836358534
ER,3,30000,19,33019,30000,44798,2.9865333333333335,1664,4436,6764,0.9396,28188,0.03028744069790501,0.07692307692307693,0.15732768331218744,0.7712,23136,0.07400108437215547,0.17443798939126043,0.09826635139489608
ER,3,100000,1,103001,100000,150368,3.00736,5405,14835,22256,0.94074,94074,0.024552427602209104,0.1,0.09026040298166381,0.77431,77431,0.056795296276953344,0.14285714285714285,0.14355554919173916
ER,3,100000,0,103000,100000,149927,2.99854,5360,14976,22360,0.94113,94113,0.01806142431382396,0.05263157894736842,0.14038039334993266,0.77252,77252,0.05225458443368014,0.16666666666666666,0.08147858363654105
ER,3,100000,4,103004,100000,150534,3.01068,5476,14911,22098,0.93996,93996,0.014381272917125765,0.058823529411764705,0.1421844461487502,0.77267,77267,0.05459431247895519,0.14285714285714285,0.13932314426583528
ER,3,100000,3,103003,100000,150677,3.01354,5315,14795,22413,0.94152,94152,0.020486788112780152,0.07692307692307693,0.15945909492347793,0.77605,77605,0.058630313740099416,0.16666666666666666,0.10924345776437745
ER,3,100000,5,103005,100000,150997,3.01994,5362,14537,22228,0.94144,94144,0.01995039680691546,0.07692307692307693,0.170867122963229,0.77809,77809,0.05753733038229325,0.1724137931034483,0.07376999719863957
ER,3,100000,2,103002,100000,150039,3.00078,5464,14936,22408,0.93986,93986,0.021302753909814287,0.07142857142857142,0.1891329217127512,0.77288,77288,0.044629964147274714,0.14285714285714285,0.12974870466022287
ER,3,100000,6,103006,100000,149310,2.9862,5373,15073,22511,0.94126,94126,0.016410636385415067,0.058823529411764705,0.15887857978259784,0.77206,77206,0.05949361245671847,0.16666666666666666,0.13374492256628365
ER,3,100000,7,103007,100000,149939,2.99878,5443,15031,22467,0.94043,94043,0.022374288335160752,0.058823529411764705,0.15329275902612172,0.77074,77074,0.05253779383844415,0.14285714285714285,0.13932128652718617
ER,3,100000,10,103010,100000,150513,3.01026,5290,14896,22281,0.94173,94173,0.02148386927231849,0.06666666666666667,0.16994939739041154,0.77429,77429,0.05599285727448855,0.14285714285714285,0.13833360537384137
ER,3,100000,8,103008,100000,149919,2.99838,5447,15025,22371,0.94051,94051,0.018807098113667653,0.058823529411764705,0.10666415709740515,0.77188,77188,0.04754767468570953,0.125,0.13828259088775496
ER,3,100000,11,103011,100000,150606,3.01212,5326,14767,22266,0.94223,94223,0.015814171784507725,0.06666666666666667,0.15442359270533293,0.77535,77535,0.053007996454105255,0.14285714285714285,0.137811944460818
ER,3,100000,9,103009,100000,149962,2.99924,5421,15030,22454,0.94035,94035,0.026048361911813922,0.09090909090909091,0.18483750408885272,0.77159,77159,0.04608143815656862,0.17073170731707318,0.07866060767682437
ER,3,100000,13,103013,100000,150245,3.0049,5424,14909,22245,0.94057,94057,0.01883138356535441,0.06666666666666667,0.17605824786337815,0.77287,77287,0.05037137054940488,0.13043478260869565,0.10557719106992318
ER,3,100000,12,103012,100000,149399,2.98798,5513,14894,22694,0.93954,93954,0.016633792626859156,0.05263157894736842,0.1434733135001006,0.77039,77039,0.06501865972290366,0.1890363610178356,0.1345246844149722
ER,3,100000,14,103014,100000,150448,3.00896,5384,15001,22216,0.94105,94105,0.022406225660289714,0.07692307692307693,0.18149076440795922,0.77232,77232,0.05731259281610823,0.14285714285714285,0.15128359512354292
ER,4,100,0,4100,100,183,3.66,2,8,19,0.99,99,0.1353643758779592,0.24855491329479767,0.23123887626542497,0.9,90,0.18067614951437716,0.21839080459770116,0.09790016365454325
ER,4,100,1,4101,100,199,3.98,4,6,14,0.97,97,0.16581824283150662,0.1658291457286432,0.024505365137974217,0.91,91,0.1747934067892624,0.1746031746031746,0.022751561244941765
ER,4,100,2,4102,100,211,4.22,2,6,16,0.99,99,0.19729456744463153,0.20398009950248755,0.028821966959304876,0.93,93,0.20048975922054815,0.20812182741116753,0.031745597186254984
ER,4,100,3,4103,100,206,4.12,3,3,14,0.98,98,0.19377314952485786,0.21951219512195122,0.04908587819008005,0.95,95,0.20376338889888662,0.1921182266009852,0.02043326332402951
ER,4,100,4,4104,100,185,3.7,2,11,16,0.99,99,0.16165075335731105,0.15384615384615385,0.019415877865110478,0.88,88,0.17650014854607796,0.16770186335403728,0.02044261006819396
ER,4,100,5,4105,100,181,3.62,5,10,14,0.96,96,0.14015466546486288,0.19424460431654678,0.07926414114222548,0.85,85,0.14671096440694423,0.19708029197080293,0.14091077360004567
ER,4,100,6,4106,100,204,4.08,1,8,19,1.0,100,0.13246417315258965,0.2,0.24885269389867468,0.9,90,0.17264409747431236,0.2268041237113402,0.10105883843713412
ER,4,100,7,4107,100,198,3.96,2,5,17,0.99,99,0.14180404733165247,0.23469387755102042,0.05643159392811338,0.94,94,0.15764873301443638,0.23076923076923078,0.0398822012134363
ER,4,100,8,4108,100,184,3.68,3,8,15,0.98,98,0.11455472843526196,0.20218579234972678,0.07462443475163692,0.9,90,0.12812204794185042,0.22285714285714286,0.08183908363177422
ER,4,100,9,4109,100,206,4.12,2,9,15,0.99,99,0.18490163312450475,0.19791666666666666,0.02327855230926322,0.9,90,0.1896521877783223,0.20855614973262032,0.025917024885252216
ER,4,100,10,4110,100,200,4.0,3,7,15,0.98,98,0.1488576507138036,0.24242424242424243,0.14820985251839183,0.89,89,0.1900893569369849,0.25806451612903225,0.06183790092354055
ER,4,100,11,4111,100,212,4.24,2,4,13,0.99,99,0.17826963561702783,0.21951219512195122,0.09161444829313514,0.94,94,0.19350111914152882,0.19597989949748743,0.03316654579040506
ER,4,100,12,4112,100,224,4.48,1,7,11,1.0,100,0.21147680716032233,0.22869955156950672,0.06879606624923078,0.93,93,0.2225677437189216,0.24170616113744076,0.0370701843300822
ER,4,100,13,4113,100,193,3.86,1,9,16,1.0,100,0.18622754433992295,0.20634920634920634,0.14502122505405307,0.89,89,0.2049652770588897,0.21893491124260356,0.03194054236749982
ER,4,100,14,4114,100,211,4.22,1,5,14,1.0,100,0.18463887900065806,0.19230769230769232,0.022932788384072655,0.95,95,0.19169735548891675,0.20388349514563106,0.024578277810314336
ER,4,100,15,4115,100,167,3.34,3,11,18,0.98,98,0.12972924941442887,0.16556291390728478,0.18034886052347104,0.85,85,0.15547902412411813,0.18571428571428572,0.049717574879578286
ER,4,100,16,4116,100,210,4.2,3,6,11,0.98,98,0.18261624182855793,0.18811881188118812,0.023429151928530564,0.9,90,0.18935698481312097,0.19387755102040816,0.025131457333194517
ER,4,100,17,4117,100,172,3.44,6,7,21,0.95,95,0.08283488139580447,0.16666666666666666,0.17454027261359836,0.88,88,0.10393976914775814,0.2,0.16767359620733938
ER,4,100,18,4118,100,185,3.7,3,8,18,0.98,98,0.11243656760876163,0.19101123595505617,0.03923798975375969,0.9,90,0.11925584312852533,0.19736842105263158,0.04470334551467949
ER,4,100,19,4119,100,177,3.54,3,12,13,0.97,97,0.1475576341088223,0.16666666666666666,0.03203430342220859,0.86,86,0.16557265642788926,0.18181818181818182,0.02859050902475666
ER,4,200,0,4200,200,392,3.92,5,10,34,0.98,196,0.1302017568210525,0.18947368421052632,0.1533142919248261,0.915,183,0.15360088428110663,0.1935483870967742,0.02017988066814501
ER,4,200,1,4201,200,409,4.09,4,17,23,0.985,197,0.15882952668036146,0.21890547263681592,0.038165042030161626,0.895,179,0.1811641423902757,0.22164948453608246,0.015303784304407871
ER,4,200,2,4202,200,379,3.79,7,16,34,0.97,194,0.14299616970881684,0.20652173913043478,0.019397685466025678,0.885,177,0.15500493817036726,0.19889502762430938,0.01975343836410717
ER,4,200,3,4203,200,387,3.87,8,13,32,0.965,193,0.15367016423407268,0.22077922077922077,0.14650609632567924,0.89,178,0.1864495339988336,0.21037463976945245,0.024202324855420235
ER,4,200,4,4204,200,413,4.13,4,19,24,0.985,197,0.16227068652838592,0.19315403422982885,0.01926849937834544,0.89,178,0.17755243849309466,0.21038961038961038,0.026253488336606148
ER,4,200,5,4205,200,398,3.98,4,17,31,0.985,197,0.1632140244156746,0.17922077922077922,0.024546557442911218,0.895,179,0.17164366807726208,0.20108695652173914,0.013784995895016316
ER,4,200,6,4206,200,394,3.94,6,14,29,0.975,195,0.14334436883967103,0.16030534351145037,0.02316955385440944,0.905,181,0.14725845028235807,0.16266666666666665,0.031220761201775166
ER,4,200,7,4207,200,356,3.56,5,13,39,0.98,196,0.12017872625315824,0.1807909604519774,0.050243662509304565,0.91,182,0.1384057826226,0.1951219512195122,0.020688840631699654
ER,4,200,8,4208,200,413,4.13,8,14,21,0.96,192,0.19416847449197863,0.20884520884520885,0.024676834229045302,0.9,180,0.20909570365389032,0.21303258145363407,0.018651429160187655
ER,4,200,9,4209,200,435,4.35,6,11,22,0.975,195,0.1754143881769983,0.21016166281755197,0.03909548152253306,0.92,184,0.19275329838303018,0.21040189125295508,0.016844797100658303
ER,4,200,10,4210,200,404,4.04,4,18,30,0.985,197,0.12139006012555684,0.2,0.2516072293989651,0.885,177,0.1747166282020298,0.1906005221932115,0.01798547045861904
ER,4,200,11,4211,200,401,4.01,6,12,30,0.975,195,0.15012392846027836,0.20603015075376885,0.049595275603933835,0.89,178,0.17233463718543082,0.22395833333333334,0.021834156394888008
ER,4,200,12,4212,200,413,4.13,3,14,33,0.99,198,0.161532024779807,0.22815533980582525,0.02836352600683883,0.92,184,0.16469353828777947,0.24427480916030533,0.030913695020866532
ER,4,200,13,4213,200,420,4.2,2,10,23,0.995,199,0.1774968102143274,0.1864406779661017,0.01368133598703257,0.945,189,0.17911930130211845,0.19117647058823528,0.01505772011550076
ER,4,200,14,4214,200,399,3.99,7,13,28,0.97,194,0.1570779887350144,0.1836734693877551,0.01898400667578132,0.9,180,0.16598020552215906,0.1906005221932115,0.02280276294928707
ER,4,200,15,4215,200,401,4.01,3,18,30,0.99,198,0.15959110461131892,0.18781725888324874,0.01929889404922402,0.9,180,0.16758339791213814,0.19363395225464192,0.027153102851201406
ER,4,200,16,4216,200,408,4.08,5,13,23,0.97,194,0.15220098414579852,0.22962962962962963,0.17191818464080952,0.92,184,0.17875855333436863,0.20533333333333334,0.018110294375215868
ER,4,200,17,4217,200,386,3.86,1,17,36,1.0,200,0.123246238985839,0.19220055710306408,0.0562886160559621,0.905,181,0.1415026154243707,0.2087912087912088,0.032862041359679336
ER,4,200,18,4218,200,393,3.93,6,12,30,0.975,195,0.1477129618328045,0.19387755102040816,0.051468484396909146,0.915,183,0.16770929047778224,0.19466666666666665,0.012473509326674247
ER,4,200,19,4219,200,396,3.96,4,15,38,0.985,197,0.11667744807778649,0.2,0.3029183148890819,0.895,179,0.16497735292204013,0.19148936170212766,0.01374255833835458
ER,4,500,0,4500,500,1051,4.204,6,24,66,0.99,495,0.14033967982459541,0.21680993314231137,0.20928267530822575,0.938,469,0.16778497982492024,0.1929480901077375,0.016429908472734782
ER,4,500,1,4501,500,947,3.788,22,44,76,0.952,476,0.08423677085699838,0.2,0.2187229974096975,0.87,435,0.15016925126533456,0.19015659955257272,0.008697759843857225
ER,4,500,2,4502,500,979,3.916,12,40,76,0.978,489,0.13529826961297917,0.20992761116856257,0.06566777034499119,0.896,448,0.15757744792845385,0.20042643923240938,0.025055421572957832
ER,4,500,3,4503,500,981,3.924,14,42,71,0.974,487,0.13404892938434856,0.19387755102040816,0.10529377101472351,0.884,442,0.16065042212937256,0.183585313174946,0.020119564411277026
ER,4,500,4,4504,500,995,3.98,13,42,68,0.976,488,0.12910962288057545,0.20445344129554655,0.14317575681106523,0.888,444,0.16584265518641095,0.19242902208201892,0.010755800652465454
ER,4,500,5,4505,500,967,3.868,14,40,67,0.972,486,0.12687922375253813,0.20250521920668058,0.09434663984767697,0.89,445,0.14866025520933476,0.2134344528710726,0.018926264887416888
ER,4,500,6,4506,500,1020,4.08,13,34,64,0.976,488,0.10578769406647356,0.2,0.22579753450246354,0.9,450,0.14462604809554255,0.21916411824668705,0.09351560633710412
ER,3,100000,15,103015,100000,149823,2.99646,5367,15058,22413,0.94094,94094,0.020646682324757082,0.07692307692307693,0.17136470115994895,0.77107,77107,0.05593308991739199,0.16666666666666666,0.11563016471547842
ER,4,500,7,4507,500,1012,4.048,7,35,72,0.988,494,0.12998486386273256,0.20682730923694778,0.028130034327009095,0.91,455,0.13803706642890573,0.22807017543859648,0.05271555729029533
ER,4,500,8,4508,500,981,3.924,9,38,61,0.984,492,0.10562357240375546,0.22040816326530613,0.1115281038114292,0.902,451,0.14394676540048082,0.20556745182012848,0.10349799948096035
ER,4,500,9,4509,500,1028,4.112,9,32,62,0.984,492,0.12908796000560374,0.20662768031189083,0.1948161667757045,0.912,456,0.16360484933520789,0.1955420466058764,0.028288257439665232
ER,4,500,10,4510,500,1018,4.072,6,39,74,0.99,495,0.13596383098637382,0.1956521739130435,0.09893237453134789,0.902,451,0.16135479951696893,0.20041109969167523,0.04854746491835981
ER,4,500,11,4511,500,998,3.992,7,40,69,0.986,493,0.10002405330636058,0.18181818181818182,0.15431795715690494,0.904,452,0.15159260755009574,0.1953781512605042,0.03565044509576957
ER,4,500,12,4512,500,968,3.872,13,43,72,0.976,488,0.13265989034220077,0.22083333333333333,0.0776921506338857,0.884,442,0.1410799085851731,0.21092896174863388,0.033832220355151814
ER,4,500,13,4513,500,1042,4.168,10,33,69,0.98,490,0.13376446766989125,0.222007722007722,0.18738476096296847,0.91,455,0.16590624249810385,0.1936127744510978,0.012188729761665457
ER,4,500,14,4514,500,1028,4.112,10,28,74,0.982,491,0.1529795010278203,0.201171875,0.0213876978845488,0.924,462,0.16325454404909248,0.2012072434607646,0.010023100675475426
ER,4,500,15,4515,500,954,3.816,11,44,79,0.974,487,0.10619673560271396,0.20715036803364878,0.14206621202918093,0.896,448,0.1274799296988656,0.2018140589569161,0.11665423703379059
ER,4,500,16,4516,500,993,3.972,16,32,60,0.97,485,0.15076590446419985,0.2,0.014377917942186109,0.902,451,0.16263797931623003,0.19412381951731375,0.008841829693324726
ER,4,500,17,4517,500,1032,4.128,8,40,53,0.986,493,0.15020697080044895,0.20390243902439023,0.020070455708799912,0.906,453,0.16641568517778876,0.2210953346855984,0.01694802379811345
ER,4,500,18,4518,500,961,3.844,16,36,79,0.97,485,0.13225646451429635,0.17905759162303664,0.03658590339430618,0.894,447,0.14861365406957042,0.17467248908296942,0.012013683409391858
ER,4,500,19,4519,500,949,3.796,15,34,86,0.972,486,0.1115836037978917,0.2,0.16712522268419688,0.892,446,0.14214178133461697,0.1888268156424581,0.013936503274624486
ER,4,1000,0,5000,1000,1934,3.868,20,75,160,0.979,979,0.10154286799031713,0.2,0.27297038771318893,0.9,900,0.13997792400296954,0.20432432432432432,0.07641316854873963
ER,4,1000,1,5001,1000,2006,4.012,20,75,134,0.981,981,0.12462020856357393,0.19259629814907453,0.06338612888122992,0.901,901,0.15083187367991865,0.1812987012987013,0.004315120259840421
ER,4,1000,2,5002,1000,1983,3.966,19,88,144,0.98,980,0.11079319705604519,0.21756688541140837,0.07256914979594155,0.889,889,0.1298170997620881,0.21927966101694915,0.1681741273075819
ER,4,1000,3,5003,1000,1961,3.922,27,74,172,0.974,974,0.12967458684770006,0.2,0.15995203740365208,0.896,896,0.15278777872601718,0.20702501330494943,0.021034090473918868
ER,4,1000,4,5004,1000,2030,4.06,22,68,144,0.979,979,0.11672838454183977,0.20833333333333334,0.19209466278800755,0.907,907,0.15909640070463246,0.1963095848282932,0.006120874029086773
ER,4,1000,5,5005,1000,2042,4.084,16,56,158,0.985,985,0.13688171738425772,0.19862677783227073,0.014494073101962077,0.927,927,0.14772847658640678,0.20020171457387798,0.009383413818796635
ER,3,100000,17,103017,100000,150687,3.01374,5367,14721,22308,0.94128,94128,0.015949278175640513,0.05263157894736842,0.1556206628189049,0.77525,77525,0.058759292539968255,0.14285714285714285,0.1392209099149632
ER,4,1000,6,5006,1000,1958,3.916,17,70,153,0.982,982,0.12597128316247785,0.1997945557267591,0.08636156246979829,0.911,911,0.13308490923567248,0.21192758253461128,0.0887534477355004
ER,4,1000,7,5007,1000,1974,3.948,24,79,139,0.975,975,0.12393073947915906,0.2024353120243531,0.1497393841953636,0.891,891,0.15010893621036134,0.1929637526652452,0.009821815459723625
ER,3,100000,16,103016,100000,149960,2.9992,5440,14846,22515,0.94042,94042,0.019734430363215427,0.06666666666666667,0.1536141224442792,0.77237,77237,0.06179482078847642,0.16666666666666666,0.13436456868123808
ER,4,1000,8,5008,1000,2027,4.054,19,73,119,0.982,982,0.10453170860069526,0.2,0.3019052157976632,0.907,907,0.15339185486918333,0.2074495602690119,0.01590439894734008
ER,4,1000,9,5009,1000,2017,4.034,22,84,137,0.976,976,0.123841126075562,0.2005958291956306,0.0703512697511694,0.888,888,0.12479067146503883,0.2247658688865765,0.19299689183882077
ER,4,1000,10,5010,1000,1943,3.886,25,71,166,0.974,974,0.12403824402624454,0.20671563483735572,0.10594760745018435,0.9,900,0.13944275362375716,0.19547657512116318,0.109256276461477
ER,4,1000,11,5011,1000,2026,4.052,20,68,137,0.981,981,0.11603878415057721,0.2,0.33028105840660504,0.907,907,0.13779401381988945,0.2192622950819672,0.06521815210536795
ER,4,1000,12,5012,1000,2016,4.032,18,78,141,0.983,983,0.08900439104168482,0.2,0.23887039211813973,0.899,899,0.14514991436898447,0.20643153526970953,0.011400491650669137
ER,4,1000,13,5013,1000,1968,3.936,13,82,149,0.988,988,0.05741766678689242,0.1111111111111111,0.22757170996741397,0.894,894,0.14343458580703466,0.21566523605150215,0.055590278386150375
ER,4,1000,14,5014,1000,1995,3.99,21,62,156,0.98,980,0.04326257413260857,0.1111111111111111,0.23520762748570678,0.909,909,0.1451431128023524,0.20020855057351408,0.024208075480708247
ER,4,1000,15,5015,1000,1977,3.954,26,70,155,0.974,974,0.11658566698536472,0.2383367139959432,0.20491318382113483,0.901,901,0.15524270610913468,0.19135477069056406,0.005584268811622555
ER,4,1000,16,5016,1000,2010,4.02,22,71,137,0.978,978,0.10307130083336233,0.2,0.21567024311457422,0.902,902,0.14968408521729745,0.19375,0.01919382480668019
ER,4,3000,0,7000,3000,6108,4.072,47,206,421,0.9843333333333333,2953,0.07919131810070357,0.2,0.2690046670414579,0.907,2721,0.12093795710985278,0.23480333730631706,0.15196501454604155
ER,4,1000,17,5017,1000,1925,3.85,18,82,169,0.981,981,0.05796431095588054,0.14285714285714285,0.18030034814847518,0.896,896,0.13152469969759026,0.2004369197160022,0.023536197386012626
ER,4,3000,1,7001,3000,5961,3.974,64,222,429,0.9786666666666667,2936,0.08589110196975058,0.2,0.2081171724479294,0.8973333333333333,2692,0.11990750331927003,0.2312270260808682,0.11554913685040699
ER,4,1000,19,5019,1000,1970,3.94,29,67,145,0.971,971,0.09878284087727382,0.2,0.17279000729779742,0.901,901,0.09889304931685462,0.2,0.1741276320171709
ER,4,1000,18,5018,1000,2003,4.006,24,72,133,0.977,977,0.1226072482498946,0.21078921078921078,0.1623523600431942,0.903,903,0.1471750611338914,0.19232763089683774,0.022349411194725718
ER,4,3000,2,7002,3000,5796,3.864,67,253,482,0.977,2931,0.08423849268332795,0.2,0.23928146784394555,0.8856666666666667,2657,0.1288884823189207,0.20087336244541484,0.10091146918397345
ER,4,3000,3,7003,3000,5949,3.966,58,228,422,0.9796666666666667,2939,0.09954634432889287,0.2,0.3032684927630319,0.898,2694,0.133221672475345,0.2209159501666959,0.11940312978998639
ER,4,3000,5,7005,3000,6174,4.116,46,199,448,0.9833333333333333,2950,0.06667446013356737,0.14285714285714285,0.23522610417638537,0.9133333333333333,2740,0.1469436047776449,0.21416582745887883,0.07076415837613488
ER,4,3000,4,7004,3000,5987,3.9913333333333334,55,228,434,0.982,2946,0.09458176287644271,0.2,0.27113310566010684,0.897,2691,0.1086225421738638,0.23248908296943233,0.15232190466929812
ER,4,3000,6,7006,3000,6110,4.073333333333333,50,204,432,0.9836666666666667,2951,0.09534760175946655,0.2,0.25561695998837497,0.9086666666666666,2726,0.147606834065787,0.20040795512493625,0.04453869939311199
ER,4,3000,7,7007,3000,6010,4.006666666666667,52,222,445,0.9813333333333333,2944,0.09706947742418914,0.23908315208298478,0.16492832894730966,0.9053333333333333,2716,0.14250932339775813,0.20727272727272728,0.02342952010970006
ER,4,3000,8,7008,3000,5972,3.981333333333333,59,222,423,0.98,2940,0.06801834679419305,0.14285714285714285,0.23563634706684794,0.8986666666666666,2696,0.1411893715974688,0.20747467691232974,0.04124470244435416
ER,4,3000,9,7009,3000,6008,4.005333333333334,71,239,406,0.9746666666666667,2924,0.11491787644238238,0.2,0.31830946509298735,0.8946666666666667,2684,0.12421011243995217,0.23358299947744296,0.15683337608378453
ER,4,3000,10,7010,3000,5993,3.9953333333333334,71,225,456,0.9753333333333334,2926,0.09179328641614415,0.2,0.2827993371830101,0.897,2691,0.13657279072420403,0.2182229177534342,0.08521930155921298
ER,4,3000,11,7011,3000,6050,4.033333333333333,41,226,439,0.986,2958,0.059843319792935334,0.14285714285714285,0.2873860934027797,0.9053333333333333,2716,0.1240375060908474,0.21992416408135126,0.11823789813114467
ER,4,3000,13,7013,3000,6022,4.014666666666667,55,225,458,0.9806666666666667,2942,0.09440178665937138,0.2,0.11334879060968164,0.902,2706,0.1413157227961106,0.2017999307718934,0.09137257889190711
ER,4,3000,14,7014,3000,5918,3.945333333333333,64,227,450,0.9773333333333334,2932,0.09582520404784534,0.2,0.25056786880642784,0.898,2694,0.12530045268446388,0.2222222222222222,0.1374100255373303
ER,4,3000,12,7012,3000,5977,3.9846666666666666,57,229,444,0.9793333333333333,2938,0.10964529266266942,0.2,0.26061490047344177,0.9023333333333333,2707,0.1510036232105607,0.19811813904861475,0.009914633751506363
ER,4,3000,16,7016,3000,6069,4.046,55,184,454,0.9813333333333333,2944,0.12178372510217295,0.2,0.14405812686378386,0.9183333333333333,2755,0.14061857724834237,0.2012931767908797,0.15475465201692226
ER,4,3000,17,7017,3000,6065,4.043333333333333,63,200,448,0.9766666666666667,2930,0.06530239841251229,0.14285714285714285,0.2719289840266831,0.9086666666666666,2726,0.14361881063356474,0.21664668607638293,0.06064908770649269
ER,4,3000,19,7019,3000,5977,3.9846666666666666,53,234,433,0.9823333333333333,2947,0.07011778883449016,0.14285714285714285,0.29943733419730456,0.8986666666666666,2696,0.13689354328598102,0.2082459818308875,0.14977838037290475
ER,4,3000,15,7015,3000,5998,3.998666666666667,62,203,444,0.9796666666666667,2939,0.08760266252862192,0.2,0.2898366933371956,0.9043333333333333,2713,0.1336449188230835,0.21968121968121967,0.05853227269896311
ER,4,3000,18,7018,3000,6107,4.0713333333333335,69,208,406,0.9766666666666667,2930,0.13084779532644197,0.2095769104624467,0.1296678205831961,0.904,2712,0.14841005259987883,0.20822709501954784,0.05305934883865737
ER,4,10000,2,14002,10000,19972,3.9944,187,708,1485,0.9805,9805,0.05517762700172746,0.14285714285714285,0.25890716753759374,0.9048,9048,0.12171294474560268,0.2,0.08689565620184013
ER,4,10000,0,14000,10000,19978,3.9956,200,749,1444,0.9791,9791,0.07012551169950298,0.16666666666666666,0.2235254808879588,0.9011,9011,0.12229598495143845,0.22422156157095915,0.1770219372480435
ER,4,10000,3,14003,10000,20234,4.0468,183,703,1446,0.9813,9813,0.09050109101226145,0.2,0.27164858355700766,0.9053,9053,0.1308703594234253,0.21668978983608242,0.10834130704989386
ER,4,10000,1,14001,10000,19986,3.9972,195,711,1515,0.9801,9801,0.09417593877748742,0.2,0.2505318497188346,0.9042,9042,0.13034171260021465,0.22033192861973883,0.12188989962291989
ER,4,10000,4,14004,10000,20013,4.0026,186,756,1452,0.9808,9808,0.08330769286761841,0.16666666666666666,0.2681162254980421,0.8993,8993,0.12494279697915922,0.22346922795844862,0.17056159489828224
ER,4,10000,5,14005,10000,20064,4.0128,187,730,1446,0.9806,9806,0.09668904075871887,0.2,0.27675401182853415,0.9033,9033,0.11137588243412688,0.22833583985894312,0.1478325838884218
ER,4,10000,6,14006,10000,19839,3.9678,192,753,1473,0.9806,9806,0.07580005454707961,0.14285714285714285,0.3058765690585084,0.9008,9008,0.10759893942588872,0.2319815087203194,0.16160948743102138
ER,4,10000,7,14007,10000,19995,3.999,206,728,1452,0.9787,9787,0.08540568186456365,0.2,0.2814944712474176,0.9018,9018,0.1364465867272806,0.21028256231461726,0.05482555305410464
ER,4,10000,9,14009,10000,20009,4.0018,205,762,1475,0.9784,9784,0.0666066715958109,0.16666666666666666,0.21832076362937772,0.8981,8981,0.1147488801633687,0.22900125365649812,0.15613222211442954
ER,4,10000,8,14008,10000,20003,4.0006,192,740,1501,0.9801,9801,0.07489493718450846,0.2,0.26059377082228036,0.9007,9007,0.11586823296711546,0.22568194857351484,0.09628207102224069
ER,4,10000,10,14010,10000,19887,3.9774,193,779,1413,0.98,9800,0.02196658072791946,0.07692307692307693,0.16433520747088254,0.898,8980,0.12790280795573383,0.2130975494568925,0.05195888940203985
ER,4,10000,11,14011,10000,20120,4.024,217,692,1426,0.9777,9777,0.0895726580234446,0.2,0.25865324548847984,0.9047,9047,0.13613205873097045,0.21352276262573888,0.12228966381403708
ER,3,100000,19,103019,100000,149978,2.99956,5460,14765,22607,0.94045,94045,0.01790205658413746,0.06666666666666667,0.16309383786510362,0.77365,77365,0.06969188985788088,0.16666666666666666,0.14950810685087423
ER,4,10000,13,14013,10000,19883,3.9766,185,716,1541,0.9809,9809,0.09683287110901784,0.2,0.29303549474807444,0.9057,9057,0.1272593528563899,0.21429318823898713,0.035805463905868105
ER,3,100000,18,103018,100000,150601,3.01202,5349,14735,22278,0.94162,94162,0.02693283276846503,0.07692307692307693,0.17591035067262714,0.7751,77510,0.05448968085115169,0.15789473684210525,0.10146825976232565
ER,4,10000,12,14012,10000,20124,4.0248,187,660,1454,0.9804,9804,0.06802075946141328,0.16666666666666666,0.19752143167836098,0.9116,9116,0.12700070750431713,0.22153529108706851,0.11961656856332678
ER,4,10000,14,14014,10000,19935,3.987,195,727,1516,0.98,9800,0.08802033060879344,0.2,0.295452532411235,0.9032,9032,0.12036747938133252,0.2267863667206013,0.16781606329908952
ER,4,10000,15,14015,10000,20126,4.0252,171,701,1464,0.9824,9824,0.05970340814933062,0.14285714285714285,0.26679803580127753,0.9071,9071,0.12113174509868752,0.22701921090683744,0.15647161502054915
ER,4,10000,16,14016,10000,19974,3.9948,201,710,1436,0.9792,9792,0.08005430372096956,0.2,0.2625943840756019,0.9042,9042,0.1363119591560955,0.21384335154826958,0.07843091069877121
ER,4,10000,18,14018,10000,19789,3.9578,210,769,1475,0.978,9780,0.08738493779897771,0.2,0.2632873149504866,0.8973,8973,0.127624678325452,0.2140861405450999,0.1655982377036676
ER,4,10000,17,14017,10000,19868,3.9736,197,704,1533,0.9797,9797,0.04319264173520909,0.1111111111111111,0.2637707568615641,0.904,9040,0.1126757148648152,0.22544502617801046,0.13306392672843537
ER,4,10000,19,14019,10000,20212,4.0424,180,648,1481,0.9813,9813,0.06334707151588548,0.14285714285714285,0.18705763360156685,0.913,9130,0.13022604354135536,0.21817995490879277,0.12750588448173128
ER,4,30000,1,34001,30000,59845,3.9896666666666665,576,2225,4401,0.9798,29394,0.060599882129749094,0.14285714285714285,0.2700811209484058,0.9009,27027,0.11049067898196241,0.2,0.19724567769051238
ER,4,30000,0,34000,30000,60292,4.019466666666666,532,2142,4448,0.9815,29445,0.07989743198864852,0.16666666666666666,0.1821709506631768,0.9059333333333334,27178,0.09844016652506271,0.2,0.1899250705288271
ER,4,30000,2,34002,30000,60483,4.0322,556,2109,4378,0.9804,29412,0.05089972718645641,0.14285714285714285,0.23522179663576345,0.9059333333333334,27178,0.12289682761761656,0.22476331208440006,0.13920929053706443
ER,4,30000,4,34004,30000,60152,4.010133333333333,594,2122,4424,0.9795666666666667,29387,0.07146525300005169,0.14285714285714285,0.29767817574740624,0.9049,27147,0.12519382532430168,0.22273096394077094,0.11839023126397819
ER,4,30000,5,34005,30000,59790,3.986,575,2223,4517,0.9802,29406,0.04369033870755601,0.1111111111111111,0.24266182376477402,0.9013666666666666,27041,0.11390764593995462,0.22636282862070767,0.170079287614583
ER,4,30000,3,34003,30000,59689,3.9792666666666667,601,2270,4438,0.9793333333333333,29380,0.05934156719027195,0.14285714285714285,0.2567314157123293,0.8990333333333334,26971,0.1304188011184133,0.21705263893255092,0.05970606441632457
ER,4,30000,6,34006,30000,59892,3.9928,535,2197,4443,0.9815666666666667,29447,0.06528787660697444,0.14285714285714285,0.27804720057813637,0.9036333333333333,27109,0.09192531939999626,0.2,0.17074298057051868
ER,4,30000,7,34007,30000,60049,4.003266666666667,571,2203,4408,0.9802333333333333,29407,0.04783058612867985,0.125,0.16579296083764408,0.9023333333333333,27070,0.10385177399500534,0.23076923076923078,0.1340988241336597
ER,4,30000,8,34008,30000,60001,4.000066666666667,537,2243,4374,0.981,29430,0.05501307411933709,0.14285714285714285,0.26808379277294664,0.9023,27069,0.11574443947725976,0.22579748901661834,0.10742060941208163
ER,4,30000,9,34009,30000,60308,4.020533333333334,550,2186,4374,0.9810333333333333,29431,0.04595091825135933,0.1111111111111111,0.2702690337317316,0.9036666666666666,27110,0.13539346579774403,0.20977259394734118,0.1535143398955855
ER,4,30000,10,34010,30000,59905,3.9936666666666665,617,2230,4447,0.9786,29358,0.07405879748856292,0.17647058823529413,0.13948252337874478,0.8998,26994,0.13654735821145136,0.21097567337286338,0.11709806877983528
ER,4,30000,11,34011,30000,59992,3.9994666666666667,574,2225,4421,0.9796333333333334,29389,0.06478128006615513,0.16666666666666666,0.2142554847737045,0.9023,27069,0.12242580733843722,0.21962138432440872,0.11360212207978625
ER,4,30000,12,34012,30000,59903,3.993533333333333,568,2216,4323,0.9804333333333334,29413,0.04357550196652782,0.1111111111111111,0.22717079467968904,0.9018,27054,0.11708146870916725,0.22390862149898294,0.15268087637988995
ER,4,30000,13,34013,30000,59737,3.982466666666667,567,2159,4563,0.9805,29415,0.057948971391667214,0.1111111111111111,0.27237644516357107,0.9026666666666666,27080,0.09103668878102367,0.2,0.1768127720253381
ER,4,30000,14,34014,30000,60272,4.018133333333333,536,2190,4360,0.9816,29448,0.06675042968168388,0.14285714285714285,0.2931238779666675,0.9041333333333333,27124,0.12142522974898728,0.22565943930396354,0.1589509727515566
ER,4,30000,15,34015,30000,60049,4.003266666666667,591,2189,4374,0.9798666666666667,29396,0.07904151620230215,0.14285714285714285,0.2166531375815685,0.9018333333333334,27055,0.11519734121293301,0.2302517511616617,0.14483750425342978
ER,4,30000,16,34016,30000,60342,4.0228,553,2188,4364,0.9807,29421,0.05942694086859368,0.14285714285714285,0.26568713979151115,0.9047666666666667,27143,0.12422522560399751,0.22300918506264109,0.16099248828404733
ER,4,30000,17,34017,30000,60047,4.003133333333333,583,2176,4377,0.9797,29391,0.06254652715440523,0.14285714285714285,0.263797486021266,0.9026333333333333,27079,0.11996479665235227,0.2233255350489559,0.1357845048139372
ER,4,30000,18,34018,30000,60154,4.010266666666666,533,2225,4421,0.9815333333333334,29446,0.04294183137705021,0.09090909090909091,0.19928228791578131,0.902,27060,0.11602329921318622,0.2296093452112725,0.13305455438271896
ER,4,30000,19,34019,30000,59776,3.9850666666666665,570,2196,4374,0.9801666666666666,29405,0.058128290464873444,0.14285714285714285,0.228116905673737,0.9029333333333334,27088,0.11821945203956763,0.22240217334517529,0.1358272200664971
ER,4,100000,0,104000,100000,200319,4.00638,1994,7249,14593,0.97917,97917,0.060233839628724084,0.14285714285714285,0.2686698118920459,0.90178,90178,0.10583363167903737,0.23076923076923078,0.15510953033365116
ER,4,100000,2,104002,100000,200086,4.00172,1936,7321,14641,0.97988,97988,0.05480327208009661,0.1111111111111111,0.24357720150111117,0.90247,90247,0.09923630672735984,0.24443450399467376,0.1595396041326393
ER,4,100000,1,104001,100000,200678,4.01356,1883,7327,14688,0.98036,98036,0.05036462547342291,0.14285714285714285,0.2372803755670249,0.9024,90240,0.0943148344007465,0.2,0.16702252036872225
ER,4,100000,3,104003,100000,200405,4.0081,1818,7234,14575,0.981,98100,0.05065279117396693,0.14285714285714285,0.2431225463907509,0.90414,90414,0.11983331152606769,0.22346418021254613,0.08544614091134722
ER,4,100000,5,104005,100000,199451,3.98902,1930,7373,14870,0.97992,97992,0.03176145145236031,0.09090909090909091,0.17757717019487068,0.90168,90168,0.08305119933863203,0.16666666666666666,0.18107267222859746
ER,4,100000,4,104004,100000,199805,3.9961,1898,7408,14676,0.98008,98008,0.030919125852800988,0.07692307692307693,0.17551252877823129,0.90211,90211,0.11249438106315801,0.2222222222222222,0.11985333491347072
ER,4,100000,6,104006,100000,200134,4.00268,1930,7239,14746,0.97992,97992,0.05619545523837455,0.14285714285714285,0.2645491789959967,0.90268,90268,0.0859473377933675,0.2,0.16846659271253914
ER,4,100000,7,104007,100000,199387,3.98774,1991,7411,14613,0.97908,97908,0.044758658253970296,0.1111111111111111,0.2623724220734251,0.90063,90063,0.11891921302653685,0.22423989133841815,0.14588739780839438
ER,4,100000,10,104010,100000,199550,3.991,1935,7423,14630,0.97994,97994,0.05821876928658565,0.14285714285714285,0.2594124525214904,0.90128,90128,0.10811385777854499,0.23344693154359614,0.13401643731484825
ER,4,100000,9,104009,100000,199682,3.99364,1955,7329,14811,0.97961,97961,0.03955650058841109,0.1111111111111111,0.21563355956957567,0.90149,90149,0.12049543876347313,0.22346610492066554,0.13125983817120015
ER,4,100000,8,104008,100000,200622,4.01244,1910,7230,14629,0.98001,98001,0.07759891379078665,0.2,0.23299181009007125,0.90352,90352,0.08844962656484734,0.2,0.16354148840866053
ER,4,100000,11,104011,100000,199939,3.99878,1899,7259,14743,0.98024,98024,0.050025338633459926,0.1111111111111111,0.2078600146821083,0.90337,90337,0.10840489599128045,0.23360263190771666,0.15561079006734488
ER,4,100000,12,104012,100000,200570,4.0114,1853,7332,14598,0.98066,98066,0.049285148563873005,0.125,0.1691565253902335,0.9027,90270,0.10600907178659358,0.23076923076923078,0.15519758108062992
ER,4,100000,13,104013,100000,198760,3.9752,1971,7439,14664,0.97955,97955,0.06265546476302108,0.14285714285714285,0.2663974139492765,0.90003,90003,0.10350558356715456,0.23076923076923078,0.15322872122011894
ER,4,100000,14,104014,100000,200544,4.01088,1941,7330,14473,0.97988,97988,0.047764499168841956,0.1111111111111111,0.27562174724276595,0.902,90200,0.09939242545720117,0.2,0.17774165652296858
ER,4,100000,16,104016,100000,199710,3.9942,1921,7342,14671,0.97992,97992,0.05541382398712047,0.14285714285714285,0.260433816726265,0.90241,90241,0.11291412256746658,0.22953681939239795,0.155220836878249
ER,4,100000,15,104015,100000,199362,3.98724,1944,7312,14976,0.9796,97960,0.059021107146421725,0.14285714285714285,0.19390858162682398,0.90219,90219,0.12057617634369855,0.22206964249351246,0.1518919867537284
ER,4,100000,17,104017,100000,199601,3.99202,1919,7438,14639,0.97982,97982,0.054575412784983346,0.09090909090909091,0.1871547764757973,0.90068,90068,0.11003207430112072,0.2317026053359787,0.1450002193285134
ER,4,100000,18,104018,100000,199802,3.99604,1892,7319,14715,0.98044,98044,0.0499796799416754,0.14285714285714285,0.24124678096149968,0.90298,90298,0.10835354505708694,0.23605185983883653,0.14337497321350295
ER,4,100000,19,104019,100000,200175,4.0035,1856,7209,14714,0.98073,98073,0.07169834752247617,0.14285714285714285,0.21476334461532737,0.90446,90446,0.10272784228876386,0.23076923076923078,0.1463741401850744
