ensemble,gamma,d_min,observable,alpha_phi,r2_phi,n_points,in_cheeger_range
pl_dmin1,2.1,1.0,full,nan,nan,0,False
pl_dmin1,2.1,1.0,giant,1.189660388027174,0.7430058372882917,300,True
pl_dmin1,2.1,1.0,core,1.4294137771103017,0.6602210589772126,299,True
pl_dmin1,2.5,1.0,full,nan,nan,0,False
pl_dmin1,2.5,1.0,giant,1.0892970047818227,0.5311289528430931,300,True
pl_dmin1,2.5,1.0,core,1.6453235887969335,0.8198911322614,291,True
pl_dmin1,3.0,1.0,full,nan,nan,0,False
pl_dmin1,3.0,1.0,giant,1.427515567438663,0.9314660917311772,300,True
pl_dmin1,3.0,1.0,core,1.6056046640895514,0.971409239249681,182,True
pl_dmin2,2.1,2.0,full,1.408429761022912,0.8480116319220635,495,True
pl_dmin2,2.1,2.0,giant,1.4081237902033057,0.8464603657457619,500,True
pl_dmin2,2.1,2.0,core,1.4078055247670727,0.8483709784899462,498,True
pl_dmin2,2.5,2.0,full,1.4610640893302784,0.8559352742852496,488,True
pl_dmin2,2.5,2.0,giant,1.452822578719259,0.8537343373848041,500,True
pl_dmin2,2.5,2.0,core,1.4584840310109264,0.8522517727487874,500,True
pl_dmin2,3.0,2.0,full,1.524193073945554,0.814619361529261,469,True
pl_dmin2,3.0,2.0,giant,1.5045453840939325,0.8142166163856995,500,True
pl_dmin2,3.0,2.0,core,1.5201513274828091,0.8185552428145785,493,True
pl_dmin3,2.1,3.0,full,-1.2327749059939195,0.427665168247485,500,False
pl_dmin3,2.1,3.0,giant,-1.2327749059939057,0.42766516824748513,500,False
pl_dmin3,2.1,3.0,core,-1.231742753525505,0.41859730951044716,500,False
pl_dmin3,2.5,3.0,full,-0.6868855464152926,0.1596164567806122,500,False
pl_dmin3,2.5,3.0,giant,-0.6868855464152949,0.15961645678061265,500,False
pl_dmin3,2.5,3.0,core,-0.7274379262102444,0.17174897266886402,500,False
pl_dmin3,3.0,3.0,full,0.08514269461322686,0.0029912613485744144,500,False
pl_dmin3,3.0,3.0,giant,0.08514269461323368,0.0029912613485747475,500,False
pl_dmin3,3.0,3.0,core,0.11101433459564193,0.004844666713158974,500,False
planted_dmin1_mu0.05,2.1,1.0,full,nan,nan,0,False
planted_dmin1_mu0.05,2.1,1.0,giant,0.44378020571706545,0.1931224745857133,300,False
planted_dmin1_mu0.05,2.1,1.0,core,0.831135901247863,0.8179646625778367,298,True
planted_dmin1_mu0.05,2.5,1.0,full,nan,nan,0,False
planted_dmin1_mu0.05,2.5,1.0,giant,1.0158185554528756,0.6153439791914171,300,True
planted_dmin1_mu0.05,2.5,1.0,core,1.2454437900414346,0.9357223976477638,275,True
planted_dmin1_mu0.05,3.0,1.0,full,nan,nan,0,False
planted_dmin1_mu0.05,3.0,1.0,giant,1.3384004584584483,0.9556057315571309,300,True
planted_dmin1_mu0.05,3.0,1.0,core,1.5487359064378825,0.973922240999938,161,True
planted_dmin1_mu0.1,2.1,1.0,full,nan,nan,0,False
planted_dmin1_mu0.1,2.1,1.0,giant,0.824168050289873,0.33058282506201775,300,True
planted_dmin1_mu0.1,2.1,1.0,core,0.6446220973599073,0.37800438807952097,298,False
planted_dmin1_mu0.1,2.5,1.0,full,nan,nan,0,False
planted_dmin1_mu0.1,2.5,1.0,giant,0.7912603609154569,0.348762290512603,300,True
planted_dmin1_mu0.1,2.5,1.0,core,1.3194210494908485,0.8069456102796256,285,True
planted_dmin1_mu0.1,3.0,1.0,full,nan,nan,0,False
planted_dmin1_mu0.1,3.0,1.0,giant,1.3779211163094913,0.9468124890827745,300,True
planted_dmin1_mu0.1,3.0,1.0,core,1.5856331693488703,0.9718917657449944,170,True
planted_dmin1_mu0.2,2.1,1.0,full,nan,nan,0,False
planted_dmin1_mu0.2,2.1,1.0,giant,1.0798092368820724,0.6651618426109169,300,True
planted_dmin1_mu0.2,2.1,1.0,core,0.9683667376877424,0.29092497192566513,300,True
planted_dmin1_mu0.2,2.5,1.0,full,nan,nan,0,False
planted_dmin1_mu0.2,2.5,1.0,giant,1.1780461030499918,0.5981273387480179,300,True
planted_dmin1_mu0.2,2.5,1.0,core,1.6097921115069924,0.8624226946130487,287,True
planted_dmin1_mu0.2,3.0,1.0,full,nan,nan,0,False
planted_dmin1_mu0.2,3.0,1.0,giant,1.3912495853498401,0.9441369755770774,300,True
planted_dmin1_mu0.2,3.0,1.0,core,1.5989438956242312,0.9663914307018083,172,True
planted_dmin1_mu0.3,2.1,1.0,full,nan,nan,0,False
planted_dmin1_mu0.3,2.1,1.0,giant,1.1388828000876292,0.7355514595186816,300,True
planted_dmin1_mu0.3,2.1,1.0,core,1.341916483233804,0.5296665385562145,299,True
planted_dmin1_mu0.3,2.5,1.0,full,nan,nan,0,False
planted_dmin1_mu0.3,2.5,1.0,giant,1.0990562265575783,0.5822735589035236,300,True
planted_dmin1_mu0.3,2.5,1.0,core,1.6385437847918043,0.8600382127026912,287,True
planted_dmin1_mu0.3,3.0,1.0,full,nan,nan,0,False
planted_dmin1_mu0.3,3.0,1.0,giant,1.3993253196273012,0.9267322389976393,300,True
planted_dmin1_mu0.3,3.0,1.0,core,1.602224679526703,0.9648237708329559,180,True
planted_dmin2_mu0.05,2.1,2.0,full,0.5164496070415326,0.3826295235233921,291,False
planted_dmin2_mu0.05,2.1,2.0,giant,0.5250894768879443,0.3907454676750386,300,False
planted_dmin2_mu0.05,2.1,2.0,core,0.5080301589109018,0.4103770613709067,298,False
planted_dmin2_mu0.05,2.5,2.0,full,0.4003213333643585,0.12929808414966093,280,False
planted_dmin2_mu0.05,2.5,2.0,giant,0.3736942775282119,0.1044642911385596,300,False
planted_dmin2_mu0.05,2.5,2.0,core,0.5139012369734077,0.271399179354056,296,False
planted_dmin2_mu0.05,3.0,2.0,full,0.3277083060589642,0.05539824017348527,268,False
planted_dmin2_mu0.05,3.0,2.0,giant,0.325029630529789,0.0566204765463687,300,False
planted_dmin2_mu0.05,3.0,2.0,core,0.34742658557227046,0.11779280052076635,293,False
planted_dmin2_mu0.1,2.1,2.0,full,-0.19803103706446776,0.02636595443208245,291,False
planted_dmin2_mu0.1,2.1,2.0,giant,-0.2094586402505888,0.02937764746036886,300,False
planted_dmin2_mu0.1,2.1,2.0,core,-0.09705406460831306,0.011326155932304682,300,False
planted_dmin2_mu0.1,2.5,2.0,full,0.0025099199162561224,2.9186541083969786e-06,278,False
planted_dmin2_mu0.1,2.5,2.0,giant,0.10905694479786461,0.0056547679860060596,300,False
planted_dmin2_mu0.1,2.5,2.0,core,-0.11558521923760665,0.010388604426855852,298,False
planted_dmin2_mu0.1,3.0,2.0,full,1.02070377939831,0.327132767274255,256,True
planted_dmin2_mu0.1,3.0,2.0,giant,0.9835672594098637,0.31583144764158777,300,True
planted_dmin2_mu0.1,3.0,2.0,core,0.3959514274543469,0.06934616515153125,294,False
planted_dmin2_mu0.2,2.1,2.0,full,1.2092527812429548,0.3942644566946728,296,True
planted_dmin2_mu0.2,2.1,2.0,giant,1.2179759463465745,0.39942595010249915,300,True
planted_dmin2_mu0.2,2.1,2.0,core,0.9526087180586379,0.26871371375022934,300,True
planted_dmin2_mu0.2,2.5,2.0,full,1.3216419849140495,0.6870258897984602,284,True
planted_dmin2_mu0.2,2.5,2.0,giant,1.3063055504929058,0.6803191067119916,300,True
planted_dmin2_mu0.2,2.5,2.0,core,1.1710861342020231,0.5451266919585966,299,True
planted_dmin2_mu0.2,3.0,2.0,full,1.4265597538425179,0.7448158718324192,270,True
planted_dmin2_mu0.2,3.0,2.0,giant,1.4230085680683402,0.7530358572313939,300,True
planted_dmin2_mu0.2,3.0,2.0,core,1.2970897770957202,0.6294521819759362,297,True
planted_dmin2_mu0.3,2.1,2.0,full,1.4347111168801578,0.8201910312564971,291,True
planted_dmin2_mu0.3,2.1,2.0,giant,1.4431916528034217,0.8266818887561804,300,True
planted_dmin2_mu0.3,2.1,2.0,core,1.361469081244914,0.7114516087190426,300,True
planted_dmin2_mu0.3,2.5,2.0,full,1.3892651500078441,0.7751818458109766,287,True
planted_dmin2_mu0.3,2.5,2.0,giant,1.3721021689746888,0.7709292239470943,300,True
planted_dmin2_mu0.3,2.5,2.0,core,1.2858413204340353,0.6519535434335664,300,True
planted_dmin2_mu0.3,3.0,2.0,full,1.5152089864500384,0.7950933771775504,269,True
planted_dmin2_mu0.3,3.0,2.0,giant,1.5106884890243606,0.7935020032111842,300,True
planted_dmin2_mu0.3,3.0,2.0,core,1.4142949919905288,0.6656687430310111,296,True
planted_dmin3_mu0.05,2.1,3.0,full,0.7015001256320378,0.8060885453396212,300,False
planted_dmin3_mu0.05,2.1,3.0,giant,0.701500125632038,0.8060885453396229,300,False
planted_dmin3_mu0.05,2.1,3.0,core,0.7010809913760813,0.8059308484702467,300,False
planted_dmin3_mu0.05,2.5,3.0,full,0.7868472347920654,0.7863235148054957,300,True
planted_dmin3_mu0.05,2.5,3.0,giant,0.786847234792074,0.7863235148054982,300,True
planted_dmin3_mu0.05,2.5,3.0,core,0.7857544572189856,0.786663197530098,300,True
planted_dmin3_mu0.05,3.0,3.0,full,0.8611700675313326,0.7798164290985891,300,True
planted_dmin3_mu0.05,3.0,3.0,giant,0.8611700675313297,0.7798164290985878,300,True
planted_dmin3_mu0.05,3.0,3.0,core,0.8617986370817482,0.7799922819756051,300,True
planted_dmin3_mu0.1,2.1,3.0,full,0.6602405552592701,0.741821554093133,300,False
planted_dmin3_mu0.1,2.1,3.0,giant,0.6602405552592683,0.7418215540931318,300,False
planted_dmin3_mu0.1,2.1,3.0,core,0.6601895404556374,0.7419798472379444,300,False
planted_dmin3_mu0.1,2.5,3.0,full,0.687953032767945,0.6497635143089502,300,False
planted_dmin3_mu0.1,2.5,3.0,giant,0.6879530327679461,0.6497635143089502,300,False
planted_dmin3_mu0.1,2.5,3.0,core,0.687114487931738,0.6498355883458913,300,False
planted_dmin3_mu0.1,3.0,3.0,full,0.7572949231710185,0.6743110970651327,300,True
planted_dmin3_mu0.1,3.0,3.0,giant,0.7572949231710159,0.6743110970651283,300,True
planted_dmin3_mu0.1,3.0,3.0,core,0.7577972246471752,0.6752855928218031,300,True
planted_dmin3_mu0.2,2.1,3.0,full,0.06912702085547075,0.021890511104573185,300,False
planted_dmin3_mu0.2,2.1,3.0,giant,0.06912702085546663,0.021890511104570853,300,False
planted_dmin3_mu0.2,2.1,3.0,core,0.06919036257501172,0.02193778700509219,300,False
planted_dmin3_mu0.2,2.5,3.0,full,0.044247092631861065,0.005220991435680666,300,False
planted_dmin3_mu0.2,2.5,3.0,giant,0.04424709263186922,0.005220991435682776,300,False
planted_dmin3_mu0.2,2.5,3.0,core,0.05703301145403552,0.008610782141364792,300,False
planted_dmin3_mu0.2,3.0,3.0,full,0.05286393833549919,0.006504349399552467,300,False
planted_dmin3_mu0.2,3.0,3.0,giant,0.05286393833548624,0.006504349399548803,300,False
planted_dmin3_mu0.2,3.0,3.0,core,0.05534128926039587,0.0070112601317881,300,False
planted_dmin3_mu0.3,2.1,3.0,full,-0.5242066493748829,0.16036795394000114,300,False
planted_dmin3_mu0.3,2.1,3.0,giant,-0.5242066493748789,0.16036795394000014,300,False
planted_dmin3_mu0.3,2.1,3.0,core,-0.5187314594109863,0.15583881082871298,300,False
planted_dmin3_mu0.3,2.5,3.0,full,-0.24547240989842903,0.033675400104678066,300,False
planted_dmin3_mu0.3,2.5,3.0,giant,-0.24547240989842192,0.033675400104676956,300,False
planted_dmin3_mu0.3,2.5,3.0,core,-0.22934950472881546,0.029319441279906266,300,False
planted_dmin3_mu0.3,3.0,3.0,full,0.17612869712044943,0.01722597527731673,300,False
planted_dmin3_mu0.3,3.0,3.0,giant,0.17612869712046794,0.01722597527732095,300,False
planted_dmin3_mu0.3,3.0,3.0,core,0.1746558642502349,0.01698552980869117,300,False
