ensemble,γ,d_min,μ,n_target,rep,seed,graph_id,n,m,d̄,d_max,d_min_obs,n_comp,N₁,N₂,n_full,m_full,λ₂_full,λ₃_full,(λ₃−λ₂)_full,φ_periph_full,φ_mod_full,φ*_full,ρ*_full,ρ₂_full,logΔ_full,IPR₂_full,IPR₂^π_full,PR₂_full,frac_giant,n_giant,m_giant,λ₂_giant,λ₃_giant,(λ₃−λ₂)_giant,φ_periph_giant,φ_mod_giant,φ*_giant,ρ*_giant,ρ₂_giant,logΔ_giant,IPR₂_giant,IPR₂^π_giant,PR₂_giant,frac_2core,n_core,m_core,λ₂_core,λ₃_core,(λ₃−λ₂)_core,φ_periph_core,φ_mod_core,φ*_core,ρ*_core,ρ₂_core,logΔ_core,IPR₂_core,IPR₂^π_core,PR₂_core
pl_dmin2,2.5,2,,300000,1,12346,pl_dmin2_g2.5_n300000_d2_r1,300000,588315,3.9221,50,1,1,2,155823,300000,588315,0.03470924684936172,0.03526604384082965,0.0005567969914679338,0.1,0.39644372796752547,0.1,1.6997696812081963e-05,0.04803804084546544,1.3773639231171537,0.12367870606379079,0.1193812306774115,8.08546621990225,1.0,300000,588315,0.03470924684936949,0.03526604384082832,0.00055679699145883,0.1,0.39644372796752547,0.1,1.6997696812081963e-05,0.04803804084546544,1.3773639231171537,0.12367870606379079,0.11938123067741145,8.08546621990225,0.9999933333333333,299998,588313,0.03470924685455112,0.035266043846182704,0.0005567969916315807,0.1,0.39644372796752547,0.1,1.6997754596617786e-05,0.04803820415323136,1.3773639231171537,0.12367870607466684,0.11938123083062278,8.08546621919123
pl_dmin2,2.5,2,,300000,3,12348,pl_dmin2_g2.5_n300000_d2_r3,300000,587938,3.9195866666666666,50,1,1,1,156142,300000,587938,0.04112212855103281,0.04393479855440896,0.00281267000337615,0.1111111111111111,0.3897661145445637,0.1111111111111111,1.5307736530042282e-05,0.058550391367797286,1.255016151286037,0.1344140061470294,0.12865744981048496,7.439700881366078,1.0,300000,587938,0.04112212855102282,0.043934798554407406,0.0028126700033845875,0.1111111111111111,0.3897661145445637,0.1111111111111111,1.5307736530042282e-05,0.058550391367797286,1.255016151286037,0.1344140061470293,0.12865744981048474,7.4397008813660825,0.9999966666666666,299999,587937,0.04112212855275654,0.04393479855465299,0.0028126700018964446,0.1111111111111111,0.3897608691914938,0.1111111111111111,1.530776256639742e-05,0.05855049095396275,1.2550026935015612,0.1344140061425282,0.12865744978997168,7.439700881615216
pl_dmin2,2.5,2,,300000,2,12347,pl_dmin2_g2.5_n300000_d2_r2,300000,590727,3.93818,50,1,1,1,156171,300000,590727,0.042871346812487054,0.04456789516268245,0.0016965483501953926,0.125,0.3867816313176027,0.125,1.354263475344787e-05,0.0611212963009986,1.129546536311572,0.09654492662194797,0.09094969736352922,10.357872080796277,1.0,300000,590727,0.042871346812475064,0.04456789516268822,0.0016965483502131562,0.125,0.3867816313176027,0.125,1.354263475344787e-05,0.0611212963009986,1.129546536311572,0.09654492662194834,0.09094969736352945,10.357872080796236,0.9999933333333333,299998,590725,0.042871346819627565,0.04456789516379889,0.0016965483441713225,0.125,0.38677691040386775,0.125,1.3542680604342121e-05,0.06112150323754708,1.1295343306064307,0.09654492662423445,0.09094969727730066,10.35787208055097
pl_dmin2,2.5,2,,300000,0,12345,pl_dmin2_g2.5_n300000_d2_r0,300000,588798,3.92532,50,2,1,0,156208,300000,588798,0.040780387387697736,0.042915339642914496,0.00213495225521676,0.125,0.38729925682753613,0.125,1.3587002673242775e-05,0.058238988583521,1.1308839303617646,0.13286116974983944,0.12698524459288243,7.526653587973611,1.0,300000,588798,0.04078038738771439,0.04291533964295602,0.002134952255241629,0.125,0.38729925682753613,0.125,1.3587002673242775e-05,0.058238988583521,1.1308839303617646,0.13286116974983964,0.1269852445928829,7.5266535879736,1.0,300000,588798,0.040780387387701955,0.042915339642918715,0.00213495225521676,0.125,0.38729925682753613,0.125,1.3587002673242775e-05,0.058238988583521,1.1308839303617646,0.13286116974983964,0.1269852445928828,7.5266535879736
pl_dmin3,2.5,3,,300000,1,12346,pl_dmin3_g2.5_n300000_d3_r1,300000,900762,6.00508,50,2,1,0,1,300000,900762,0.19225443202273595,0.19890678181329813,0.006652349790562173,0.4146341463414634,0.31224965584617437,0.31224965584617437,0.49999888982883384,0.21308014769717196,-0.2835935095029467,0.08408748381361252,0.06481129115740249,11.892376304380686,1.0,300000,900762,0.1922544320227224,0.19890678181328814,0.006652349790565726,0.4146341463414634,0.31224965584617437,0.31224965584617437,0.49999888982883384,0.21308014769717196,-0.2835935095029467,0.08408748381361227,0.06481129115740224,11.892376304380722,1.0,300000,900762,0.19225443202272618,0.19890678181330346,0.006652349790577272,0.4146341463414634,0.31224965584617437,0.31224965584617437,0.49999888982883384,0.21308014769717196,-0.2835935095029467,0.08408748381361232,0.06481129115740233,11.892376304380713
pl_dmin3,2.5,3,,300000,2,12347,pl_dmin3_g2.5_n300000_d3_r2,300000,903532,6.023546666666666,50,2,1,0,5,300000,903532,0.19674679596677458,0.20859271192437356,0.011845915957598985,0.4146341463414634,0.3089975374228715,0.3089975374228715,0.49999612631317986,0.22167615535476332,-0.2940632489733266,0.08092723503228118,0.06169663070449656,12.356779514351487,1.0,300000,903532,0.1967467959667668,0.2085927119243669,0.011845915957600095,0.4146341463414634,0.3089975374228715,0.3089975374228715,0.49999612631317986,0.22167615535476332,-0.2940632489733266,0.08092723503228123,0.06169663070449664,12.356779514351478,1.0,300000,903532,0.19674679596677036,0.20859271192438,0.011845915957609643,0.4146341463414634,0.3089975374228715,0.3089975374228715,0.49999612631317986,0.22167615535476332,-0.2940632489733266,0.08092723503228111,0.0616966307044965,12.356779514351496
pl_dmin3,2.5,3,,300000,0,12345,pl_dmin3_g2.5_n300000_d3_r0,300000,901004,6.006693333333334,50,2,1,0,2,300000,901004,0.20336545128719696,0.20965106529926003,0.006285614012063068,0.4074074074074074,0.30249335456911525,0.30249335456911525,0.4999950055715624,0.23869094920777267,-0.29775437691315154,0.09177594579985623,0.0675183202813864,10.896101274518998,1.0,300000,901004,0.20336545128718675,0.2096510652992738,0.0062856140120870485,0.4074074074074074,0.30249335456911525,0.30249335456911525,0.4999950055715624,0.23869094920777267,-0.29775437691315154,0.09177594579985619,0.06751832028138637,10.896101274519003,1.0,300000,901004,0.2033654512871863,0.20965106529926514,0.006285614012078833,0.4074074074074074,0.30249335456911525,0.30249335456911525,0.4999950055715624,0.23869094920777267,-0.29775437691315154,0.09177594579985579,0.067518320281386,10.89610127451905
pl_dmin2,2.5,2,,300000,4,12349,pl_dmin2_g2.5_n300000_d2_r4,300000,589608,3.93072,50,1,1,1,156294,300000,589608,0.044422023239125474,0.04443343930159016,1.1416062464686405e-05,0.1111111111111111,0.38218131419026974,0.1111111111111111,1.5264379045060447e-05,0.06938932307567061,1.235364438829745,0.1339064173674529,0.12647236190896596,7.467901984532211,1.0,300000,589608,0.044422023239114816,0.04443343930160348,1.1416062488667222e-05,0.1111111111111111,0.38218131419026974,0.1111111111111111,1.5264379045060447e-05,0.06938932307567061,1.235364438829745,0.13390641740352177,0.12647236194272313,7.467901982520666,0.9999966666666666,299999,589607,0.04442202323940858,0.04443343930460908,1.1416065200497982e-05,0.1111111111111111,0.382176922967575,0.1111111111111111,1.5264404934134094e-05,0.06938944076308456,1.2353529488699817,0.13390641251506685,0.12647235737244875,7.4679022551476555
pl_dmin2,3.0,2,,300000,0,12345,pl_dmin2_g3.0_n300000_d2_r0,300000,465343,3.1022866666666666,50,1,1,2,185820,300000,465343,0.01644927833610299,0.01870190787020043,0.002252629534097439,0.07142857142857142,0.2856366902967925,0.07142857142857142,3.0085334903501287e-05,0.044746563287725395,1.386022740273062,0.08561249189723494,0.0841712443770522,11.680538410216482,1.0,300000,465343,0.016449278336106543,0.018701907870207757,0.0022526295341012137,0.07142857142857142,0.2856366902967925,0.07142857142857142,3.0085334903501287e-05,0.044746563287725395,1.386022740273062,0.08561249189723501,0.08417124437705228,11.680538410216473,0.9999933333333333,299998,465341,0.016449278340576745,0.01870190787681092,0.002252629536234174,0.07142857142857142,0.2856366902967925,0.07142857142857142,3.008546420796792e-05,0.04474675560502943,1.386022740273062,0.08561249190082218,0.08417124443507916,11.680538409727056
pl_dmin3,2.5,3,,300000,3,12348,pl_dmin3_g2.5_n300000_d3_r3,300000,900224,6.001493333333333,50,3,1,0,0,300000,900224,0.20307232639913697,0.20869756858221256,0.005625242183075585,0.41935483870967744,0.30227065960323163,0.30227065960323163,0.49999944458268164,0.23873835845300725,-0.327394592100701,0.08130841457972099,0.05982466835534697,12.298850065752093,1.0,300000,900224,0.2030723263991594,0.2086975685822292,0.005625242183069812,0.41935483870967744,0.30227065960323163,0.30227065960323163,0.49999944458268164,0.23873835845300725,-0.327394592100701,0.08130841457972125,0.059824668355347194,12.298850065752054,1.0,300000,900224,0.20307232639914963,0.20869756858221833,0.005625242183068702,0.41935483870967744,0.30227065960323163,0.30227065960323163,0.49999944458268164,0.23873835845300725,-0.327394592100701,0.08130841457972085,0.059824668355346874,12.298850065752115
pl_dmin3,2.5,3,,300000,4,12349,pl_dmin3_g2.5_n300000_d3_r4,300000,902617,6.017446666666666,50,2,1,0,3,300000,902617,0.19973376920005914,0.20227109056797277,0.0025373213679136253,0.38181818181818183,0.3064195911421519,0.3064195911421519,0.4999972302759642,0.22879970131295999,-0.21998915589173096,0.07612198440522588,0.05803695838930431,13.136809396305603,1.0,300000,902617,0.19973376920005959,0.20227109056796144,0.002537321367901857,0.38181818181818183,0.3064195911421519,0.3064195911421519,0.4999972302759642,0.22879970131295999,-0.21998915589173096,0.0761219844052261,0.05803695838930451,13.136809396305566,1.0,300000,902617,0.19973376920005625,0.20227109056796877,0.002537321367912515,0.38181818181818183,0.3064195911421519,0.3064195911421519,0.4999972302759642,0.22879970131295999,-0.21998915589173096,0.07612198440522387,0.05803695838930269,13.136809396305951
pl_dmin2,3.0,2,,300000,2,12347,pl_dmin2_g3.0_n300000_d2_r2,299999,466588,3.110597035323451,50,2,1,0,185772,299999,466588,0.016648721665513566,0.018386399925779617,0.0017376782602660512,0.07142857142857142,0.28932759265155816,0.07142857142857142,3.0005057995490668e-05,0.04384274777748249,1.3988616353624825,0.08402468892575317,0.0817905687107572,11.901263935456294,1.0,299999,466588,0.01664872166551734,0.0183863999257865,0.0017376782602691598,0.07142857142857142,0.28932759265155816,0.07142857142857142,3.0005057995490668e-05,0.04384274777748249,1.3988616353624825,0.08402468892575315,0.08179056871075675,11.901263935456296,1.0,299999,466588,0.016648721665524224,0.018386399925767405,0.0017376782602431806,0.07142857142857142,0.28932759265155816,0.07142857142857142,3.0005057995490668e-05,0.04384274777748249,1.3988616353624825,0.08402468892575315,0.08179056871075706,11.901263935456296
pl_dmin2,3.0,2,,300000,3,12348,pl_dmin2_g3.0_n300000_d2_r3,299998,464662,3.0977673184487897,50,1,1,1,185768,299998,464662,0.019122147955076496,0.019717212026822306,0.00059506407174581,0.07692307692307693,0.2801451443786006,0.07692307692307693,2.7977325453770697e-05,0.053549676969496106,1.2925019201206085,0.09174387645065754,0.08944613251211052,10.899910039639849,1.0,299998,464662,0.01912214795506295,0.019717212026799658,0.0005950640717367062,0.07692307692307693,0.2801451443786006,0.07692307692307693,2.7977325453770697e-05,0.053549676969496106,1.2925019201206085,0.09174387645065787,0.08944613251211085,10.899910039639808,0.9999966666444443,299997,464661,0.019122147958625213,0.019717212028002917,0.0005950640693777043,0.07692307692307693,0.2801451443786006,0.07692307692307693,2.7977385663957164e-05,0.05354979221410878,1.2925019201206085,0.09174387646793465,0.08944613278508984,10.899910037587189
pl_dmin2,3.0,2,,300000,1,12346,pl_dmin2_g3.0_n300000_d2_r1,300000,464941,3.099606666666667,50,1,1,1,185399,300000,464941,0.02110432754381386,0.023249947802388427,0.0021456202585745654,0.08333333333333333,0.27969563476171405,0.08333333333333333,2.5809726395392102e-05,0.05976134606326394,1.2108533640336197,0.0933087749675107,0.09012586076327993,10.717105656442188,1.0,300000,464941,0.02110432754382674,0.023249947802387982,0.0021456202585612427,0.08333333333333333,0.27969563476171405,0.08333333333333333,2.5809726395392102e-05,0.05976134606326394,1.2108533640336197,0.09330877496751053,0.09012586076327997,10.717105656442206,0.9999966666666666,299999,464940,0.021104327546478396,0.023249947806005533,0.0021456202595271368,0.08333333333333333,0.27969563476171405,0.08333333333333333,2.5809781907342882e-05,0.059761474598872974,1.2108533640336197,0.0933087749665958,0.09012586104523121,10.717105656547268
pl_dmin2,3.0,2,,300000,4,12349,pl_dmin2_g3.0_n300000_d2_r4,300000,465698,3.1046533333333333,50,1,1,2,185497,300000,465698,0.02062520126432732,0.020688253656086397,6.305239175907751e-05,0.07142857142857142,0.27827364635189367,0.07142857142857142,3.0062400955125426e-05,0.058891169813913735,1.3599070195747194,0.09378953453633379,0.09098084841094248,10.662170411055861,1.0,300000,465698,0.02062520126431977,0.020688253656069078,6.305239174930755e-05,0.07142857142857142,0.27827364635189367,0.07142857142857142,3.0062400955125426e-05,0.058891169813913735,1.3599070195747194,0.09378953453577131,0.09098084841040065,10.662170411119806,0.9999933333333333,299998,465696,0.020625201271097238,0.020688253660151146,6.305238905390809e-05,0.07142857142857142,0.278268686824391,0.07142857142857142,3.0062530062530064e-05,0.058891422730708444,1.3598891969322817,0.09378953417529148,0.09098084811497269,10.66217045209983
pl_dmin3,3.0,3,,300000,0,12345,pl_dmin3_g3.0_n300000_d3_r0,300000,733036,4.8869066666666665,50,1,1,1,1,300000,733036,0.1639331847038621,0.16597227490957311,0.002039090205711025,0.38461538461538464,0.2518518922723912,0.2518518922723912,0.49999863581051956,0.2784324371517906,-0.42340264830152663,0.04004129082586159,0.031131183055866204,24.974219845932815,1.0,300000,733036,0.1639331847038723,0.16597227490958222,0.0020390902057099147,0.38461538461538464,0.2518518922723912,0.2518518922723912,0.49999863581051956,0.2784324371517906,-0.42340264830152663,0.04004129082586221,0.031131183055866696,24.974219845932424,0.9999966666666666,299999,733035,0.16393318660539813,0.16597227534126002,0.0020390887358618937,0.38461538461538464,0.25184031169341414,0.25184031169341414,0.4999952253303048,0.2784328169869106,-0.42344863106198194,0.04004129450912923,0.03113118996828496,24.974217548636062
pl_dmin3,3.0,3,,300000,1,12346,pl_dmin3_g3.0_n300000_d3_r1,300000,732613,4.884086666666667,50,2,1,0,3,300000,732613,0.1627989682506472,0.16777787819472123,0.004978909944074017,0.37037037037037035,0.25340598711178025,0.25340598711178025,0.4999959050685696,0.271212086053619,-0.379510611245619,0.05569011035283993,0.0443327570213149,17.956509578886205,1.0,300000,732613,0.162798968250645,0.16777787819470635,0.0049789099440613604,0.37037037037037035,0.25340598711178025,0.25340598711178025,0.4999959050685696,0.271212086053619,-0.379510611245619,0.05569011035284001,0.04433275702131501,17.95650957888618,1.0,300000,732613,0.16279896825063767,0.1677778781947088,0.00497890994407113,0.37037037037037035,0.25340598711178025,0.25340598711178025,0.4999959050685696,0.271212086053619,-0.379510611245619,0.05569011035283957,0.04433275702131458,17.95650957888632
pl_dmin3,3.0,3,,300000,2,12347,pl_dmin3_g3.0_n300000_d3_r2,300000,734650,4.897666666666667,50,2,1,0,2,300000,734650,0.1656748559189496,0.172450591689582,0.006775735770632396,0.40425531914893614,0.25276969001523175,0.25276969001523175,0.4999993194037977,0.2786891717144218,-0.4695678984456939,0.039750321748686084,0.030200517360231334,25.157029075696833,1.0,300000,734650,0.16567485591894604,0.1724505916895842,0.006775735770638169,0.40425531914893614,0.25276969001523175,0.25276969001523175,0.4999993194037977,0.2786891717144218,-0.4695678984456939,0.039750321748685924,0.030200517360231192,25.157029075696933,1.0,300000,734650,0.1656748559189518,0.17245059168959043,0.006775735770638613,0.40425531914893614,0.25276969001523175,0.25276969001523175,0.4999993194037977,0.2786891717144218,-0.4695678984456939,0.03975032174868603,0.03020051736023127,25.15702907569687
pl_dmin3,3.0,3,,300000,3,12348,pl_dmin3_g3.0_n300000_d3_r3,300000,732260,4.881733333333333,50,1,1,2,3,300000,732260,0.16580197746092118,0.16784061960680918,0.0020386421458880033,0.375,0.25046500258107157,0.25046500258107157,0.4999959030945293,0.2872490645399175,-0.4036068254610814,0.052010519959567944,0.039943760969814536,19.226879500096945,1.0,300000,732260,0.16580197746092007,0.16784061960678653,0.002038642145866465,0.375,0.25046500258107157,0.25046500258107157,0.4999959030945293,0.2872490645399175,-0.4036068254610814,0.0520105199595683,0.03994376096981482,19.226879500096818,0.9999933333333333,299998,732258,0.16580198130659052,0.16784063414349815,0.0020386528369076284,0.375,0.2504537378576472,0.2504537378576472,0.49999522026389603,0.2872532631941201,-0.40365180171178605,0.052010559538393626,0.03994379902997857,19.226864868889
pl_dmin3,3.0,3,,300000,4,12349,pl_dmin3_g3.0_n300000_d3_r4,300000,733624,4.890826666666666,50,2,1,0,2,300000,733624,0.16814280892375688,0.17033967444747944,0.0021968655237225576,0.40425531914893614,0.2493750017039212,0.2493750017039212,0.4999850059430989,0.2949535456855283,-0.48308886196162426,0.04094866796386634,0.030878277034959857,24.42081878908524,1.0,300000,733624,0.16814280892376,0.17033967444748255,0.0021968655237225576,0.40425531914893614,0.2493750017039212,0.2493750017039212,0.4999850059430989,0.2949535456855283,-0.48308886196162426,0.04094866796386438,0.03087827703495842,24.42081878908641,1.0,300000,733624,0.1681428089237469,0.17033967444745834,0.0021968655237114554,0.40425531914893614,0.2493750017039212,0.2493750017039212,0.4999850059430989,0.2949535456855283,-0.48308886196162426,0.04094866796385966,0.030878277034954715,24.420818789089225
pl_dmin2,2.5,2,,1000000,0,12345,pl_dmin2_g2.5_n1000000_d2_r0,1000000,1960126,3.920252,50,1,1,1,520766,1000000,1960126,0.03389512301617703,0.03618088811653264,0.002285765100355608,0.1111111111111111,0.3945350456444376,0.1111111111111111,4.5915415641647526e-06,0.04692836072783076,1.2671772702949653,0.11747682817520559,0.11104618038272304,8.512316986534524,1.0,1000000,1960126,0.03389512301618036,0.03618088811652287,0.0022857651003425072,0.1111111111111111,0.3945350456444376,0.1111111111111111,4.5915415641647526e-06,0.04692836072783076,1.2671772702949653,0.11747682817520555,0.11104618038272297,8.512316986534525,0.999999,999999,1960125,0.033895123016521866,0.036180888116597254,0.0022857651000753876,0.1111111111111111,0.3945350456444376,0.1111111111111111,4.591543906638608e-06,0.04692838466934507,1.2671772702949653,0.11747682817738452,0.11104618038228999,8.51231698637664
pl_dmin2,2.5,2,,1000000,1,12346,pl_dmin2_g2.5_n1000000_d2_r1,1000000,1956318,3.912636,50,1,1,1,520741,1000000,1956318,0.030478395398392477,0.031053082153234213,0.0005746867548417356,0.09090909090909091,0.3978655994663999,0.09090909090909091,5.622807743935291e-06,0.04200032918983519,1.4762542522877222,0.11705217459946726,0.1140069132493258,8.54319882071248,1.0,1000000,1956318,0.03047839539838293,0.031053082153224,0.0005746867548410695,0.09090909090909091,0.3978655994663999,0.09090909090909091,5.622807743935291e-06,0.04200032918983519,1.4762542522877222,0.11705217459946776,0.11400691324932617,8.543198820712444,0.999999,999999,1956317,0.03047839539855901,0.031053082153455147,0.0005746867548961365,0.09090909090909091,0.3978655994663999,0.09090909090909091,5.622810618115572e-06,0.04200035065891673,1.4762542522877222,0.11705217459963281,0.11400691326967319,8.543198820700397
pl_dmin2,2.5,2,,1000000,2,12347,pl_dmin2_g2.5_n1000000_d2_r2,1000000,1961024,3.922048,50,1,1,1,520474,1000000,1961024,0.03502672036375132,0.03589754354347385,0.0008708231797225352,0.10638297872340426,0.39332770118454874,0.10638297872340426,1.1983535132665382e-05,0.04880052462386998,1.30759751996057,0.10339780078662744,0.09622153499945547,9.671385584531032,1.0,1000000,1961024,0.03502672036373733,0.035897543543469856,0.0008708231797325272,0.10638297872340426,0.39332770118454874,0.10638297872340426,1.1983535132665382e-05,0.04880052462386998,1.30759751996057,0.10339780078662701,0.09622153499945515,9.671385584531071,0.999999,999999,1961023,0.035026720363751096,0.03589754354379693,0.0008708231800458321,0.10638297872340426,0.393330057879663,0.10638297872340426,1.1983541243524426e-05,0.048800039571183,1.3076035116261633,0.1033978007866597,0.09622153499958998,9.671385584528014
pl_dmin2,2.5,2,,1000000,3,12348,pl_dmin2_g2.5_n1000000_d2_r3,1000000,1958830,3.91766,50,1,1,4,520529,1000000,1958830,0.02919826535387604,0.03523702296474562,0.006038757610869583,0.09090909090909091,0.3983913341035698,0.09090909090909091,5.6155970655952786e-06,0.04003716504239776,1.4775747675420363,0.11427276948292082,0.11156028124691296,8.750991198734006,1.0,1000000,1958830,0.02919826535387693,0.035237022964745845,0.006038757610868917,0.09090909090909091,0.3983913341035698,0.09090909090909091,5.6155970655952786e-06,0.04003716504239776,1.4775747675420363,0.11427276948292081,0.11156028124691279,8.750991198734006,0.999996,999996,1958826,0.02919826535453862,0.03523702296597353,0.006038757611434908,0.09090909090909091,0.3983913341035698,0.09090909090909091,5.615608532866115e-06,0.0400372467998689,1.4775747675420363,0.11427276948309109,0.11156028126168434,8.750991198720966
pl_dmin2,2.5,2,,1000000,4,12349,pl_dmin2_g2.5_n1000000_d2_r4,1000000,1961814,3.923628,50,2,1,0,520409,1000000,1961814,0.02381689347323457,0.025977199819739116,0.002160306346504548,0.08571428571428572,0.4028356887622874,0.08571428571428572,8.920315585473445e-06,0.03210778391835312,1.5475092524525373,0.07467216072011303,0.08331411312380677,13.391871754564736,1.0,1000000,1961814,0.023816893473249,0.0259771998197309,0.0021603063464818995,0.08571428571428572,0.4028356887622874,0.08571428571428572,8.920315585473445e-06,0.03210778391835312,1.5475092524525373,0.07467216072011303,0.08331411312380683,13.391871754564736,1.0,1000000,1961814,0.023816893473244338,0.02597719981974178,0.0021603063464974426,0.08571428571428572,0.4028356887622874,0.08571428571428572,8.920315585473445e-06,0.03210778391835312,1.5475092524525373,0.074672160720113,0.08331411312380667,13.391871754564741
pl_dmin3,2.5,3,,1000000,0,12345,pl_dmin3_g2.5_n1000000_d3_r0,1000000,3000847,6.001694,50,2,1,0,2,1000000,3000847,0.19820097143974835,0.1996060725716886,0.0014051011319402562,0.40540540540540543,0.30665903325101196,0.30665903325101196,0.49999900028225364,0.22687327944410363,-0.27915107794773397,0.07073686907768449,0.05295444151634458,14.136899371412412,1.0,1000000,3000847,0.19820097143973925,0.19960607257169372,0.001405101131954467,0.40540540540540543,0.30665903325101196,0.30665903325101196,0.49999900028225364,0.22687327944410363,-0.27915107794773397,0.07073686907768496,0.05295444151634489,14.136899371412317,1.0,1000000,3000847,0.1982009714397457,0.19960607257169571,0.0014051011319500262,0.40540540540540543,0.30665903325101196,0.30665903325101196,0.49999900028225364,0.22687327944410363,-0.27915107794773397,0.0707368690776843,0.05295444151634443,14.13689937141245
pl_dmin3,2.5,3,,1000000,1,12346,pl_dmin3_g2.5_n1000000_d3_r1,1000000,2996705,5.99341,50,2,1,0,5,1000000,2996705,0.19809489164674088,0.20183411634679183,0.003739224700050947,0.38461538461538464,0.3062203256123752,0.3062203256123752,0.4999978309509945,0.2266010501534185,-0.2279389727500719,0.08433810667409765,0.06340020597197299,11.857036391203753,1.0,1000000,2996705,0.19809489164673333,0.20183411634679072,0.0037392247000573864,0.38461538461538464,0.3062203256123752,0.3062203256123752,0.4999978309509945,0.2266010501534185,-0.2279389727500719,0.0843381066740973,0.06340020597197267,11.857036391203803,1.0,1000000,2996705,0.1980948916467351,0.20183411634679205,0.0037392247000569423,0.38461538461538464,0.3062203256123752,0.3062203256123752,0.4999978309509945,0.2266010501534185,-0.2279389727500719,0.0843381066740969,0.06340020597197234,11.85703639120386
pl_dmin3,2.5,3,,1000000,2,12347,pl_dmin3_g2.5_n1000000_d3_r2,1000000,3002178,6.004356,50,2,1,0,5,1000000,3002178,0.1949129299889285,0.19877605086386052,0.0038631208749320134,0.42857142857142855,0.30994412291293666,0.30994412291293666,0.49999117307501423,0.21837928996881598,-0.3240653860304312,0.08409055747144487,0.06495064081012102,11.891941617102205,1.0,1000000,3002178,0.19491292998893073,0.19877605086385697,0.0038631208749262402,0.42857142857142855,0.30994412291293666,0.30994412291293666,0.49999117307501423,0.21837928996881598,-0.3240653860304312,0.08409055747144512,0.06495064081012122,11.89194161710217,1.0,1000000,3002178,0.1949129299889374,0.19877605086386296,0.003863120874925574,0.42857142857142855,0.30994412291293666,0.30994412291293666,0.49999117307501423,0.21837928996881598,-0.3240653860304312,0.08409055747144509,0.06495064081012118,11.891941617102175
pl_dmin3,2.5,3,,1000000,4,12349,pl_dmin3_g2.5_n1000000_d3_r4,1000000,3003979,6.007958,50,1,1,1,2,1000000,3003979,0.19351355926362657,0.20035844130323177,0.006844882039605205,0.40425531914893614,0.31143056212555836,0.31143056212555836,0.49999900132457653,0.21516695023500498,-0.26087025758483895,0.0664640823852905,0.05138341235697642,15.045720396815634,1.0,1000000,3003979,0.1935135592636259,0.20035844130324,0.006844882039614086,0.40425531914893614,0.31143056212555836,0.31143056212555836,0.49999900132457653,0.21516695023500498,-0.26087025758483895,0.06646408238529049,0.051383412356976396,15.045720396815637,0.999999,999999,3003978,0.19351355934145098,0.20035844135635617,0.006844882014905185,0.40425531914893614,0.31142675288152205,0.31142675288152205,0.49999833554040674,0.2151658567406286,-0.26088248909900624,0.06646408309888294,0.05138341397803846,15.045720235277074
pl_dmin3,2.5,3,,1000000,3,12348,pl_dmin3_g2.5_n1000000_d3_r3,1000000,3000180,6.00036,50,1,1,2,0,1000000,3000180,0.2015610470274194,0.20473628382491338,0.0031752367974939855,0.42857142857142855,0.30376756253716497,0.30376756253716497,0.49999266710664025,0.23420428107646873,-0.34419460655923717,0.05254799389171197,0.03983601961501012,19.030222201455402,1.0,1000000,3000180,0.20156104702741784,0.2047362838249125,0.0031752367974946516,0.42857142857142855,0.30376756253716497,0.30376756253716497,0.49999266710664025,0.23420428107646873,-0.34419460655923717,0.05254799389171193,0.03983601961501008,19.030222201455416,0.999998,999998,3000178,0.20156106203110236,0.20473628405282618,0.0031752220217238225,0.42857142857142855,0.3037571625275027,0.3037571625275027,0.49999750014832456,0.2341876048687778,-0.3442288438807295,0.05254804852772169,0.039836106739414415,19.030202415080183
pl_dmin2,3.0,2,,1000000,1,12346,pl_dmin2_g3.0_n1000000_d2_r1,999998,1546712,3.0934301868603735,50,2,1,0,619416,999998,1546712,0.01577147821224001,0.015811880700978165,4.0402488738155995e-05,0.06666666666666667,0.2876462972221154,0.06666666666666667,9.697991610590723e-06,0.0430981979838522,1.4620265128351921,0.08209244766530997,0.07986117409505172,12.181388525251302,1.0,999998,1546712,0.01577147821224223,0.015811880700989933,4.040248874770391e-05,0.06666666666666667,0.2876462972221154,0.06666666666666667,9.697991610590723e-06,0.0430981979838522,1.4620265128351921,0.08209244766531068,0.07986117409505258,12.181388525251197,1.0,999998,1546712,0.015771478212236678,0.015811880700983494,4.0402488746815735e-05,0.06666666666666667,0.2876462972221154,0.06666666666666667,9.697991610590723e-06,0.0430981979838522,1.4620265128351921,0.08209244766524891,0.07986117409499274,12.181388525260363
pl_dmin2,3.0,2,,1000000,0,12345,pl_dmin2_g3.0_n1000000_d2_r0,999999,1549321,3.0986450986450986,50,1,1,1,619266,999999,1549321,0.018784711913675922,0.0203092717488651,0.0015245598351891765,0.07142857142857142,0.2838032108889786,0.07142857142857142,9.036216510329364e-06,0.05179010676289807,1.3795831292097154,0.08851757803547859,0.08475506851738158,11.297191159016931,1.0,999999,1549321,0.018784711913685248,0.020309271748869095,0.0015245598351838474,0.07142857142857142,0.2838032108889786,0.07142857142857142,9.036216510329364e-06,0.05179010676289807,1.3795831292097154,0.08851757803547855,0.08475506851738145,11.297191159016936,0.999998999999,999998,1549320,0.018784711914022756,0.020309271748922608,0.0015245598348998524,0.07142857142857142,0.2838032108889786,0.07142857142857142,9.036222342705187e-06,0.051790140190535204,1.3795831292097154,0.08851757803724,0.08475506855493808,11.297191158792128
pl_dmin2,3.0,2,,1000000,2,12347,pl_dmin2_g3.0_n1000000_d2_r2,1000000,1550096,3.100192,50,1,1,1,618941,1000000,1550096,0.017159880494871604,0.018483010019748614,0.0013231295248770092,0.07692307692307693,0.28834172728968477,0.07692307692307693,1.2579866021201267e-05,0.04611907907639269,1.3213404083067697,0.08356871682152776,0.08118871703765083,11.966200248540785,1.0,1000000,1550096,0.01715988049487338,0.018483010019745505,0.0013231295248721242,0.07692307692307693,0.28834172728968477,0.07692307692307693,1.2579866021201267e-05,0.04611907907639269,1.3213404083067697,0.0835687168215279,0.08118871703765096,11.966200248540765,0.999999,999999,1550095,0.017159880495090984,0.0184830100200426,0.0013231295249516162,0.07692307692307693,0.28834172728968477,0.07692307692307693,1.2579874136746458e-05,0.04611910882881372,1.3213404083067697,0.08356871682175306,0.081188717065703,11.966200248508525
pl_dmin2,3.0,2,,1000000,3,12348,pl_dmin2_g3.0_n1000000_d2_r3,1000000,1547885,3.09577,50,2,1,0,619195,1000000,1547885,0.016061472297687063,0.017121176441216246,0.0010597041435291832,0.07142857142857142,0.28729204529568014,0.07142857142857142,9.044599566505263e-06,0.0434253836686834,1.39180132843721,0.08395406584899238,0.08238237732579003,11.911275408610862,1.0,1000000,1547885,0.01606147229768884,0.01712117644122646,0.0010597041435376209,0.07142857142857142,0.28729204529568014,0.07142857142857142,9.044599566505263e-06,0.0434253836686834,1.39180132843721,0.08395406584899258,0.08238237732579018,11.911275408610834,1.0,1000000,1547885,0.01606147229767929,0.017121176441206698,0.0010597041435274068,0.07142857142857142,0.28729204529568014,0.07142857142857142,9.044599566505263e-06,0.0434253836686834,1.39180132843721,0.08395406584899238,0.08238237732578996,11.911275408610862
pl_dmin2,3.0,2,,1000000,4,12349,pl_dmin2_g3.0_n1000000_d2_r4,999999,1549882,3.0997670997671,50,1,1,3,618898,999999,1549882,0.01693317384503068,0.020351389731908975,0.0034182158868782953,0.06666666666666667,0.28544318444804445,0.06666666666666667,9.678156143499958e-06,0.04646547285535286,1.4543379277276693,0.08604640165990793,0.08436501160227278,11.621636474148291,1.0,999999,1549882,0.016933173845029348,0.020351389731916747,0.003418215886887399,0.06666666666666667,0.28544318444804445,0.06666666666666667,9.678156143499958e-06,0.04646547285535286,1.4543379277276693,0.08604640165990791,0.08436501160227278,11.621636474148293,0.999996999997,999996,1549879,0.016933173845550042,0.020351389733175518,0.0034182158876254753,0.06666666666666667,0.28544558663261144,0.06666666666666667,9.678174876877484e-06,0.04646491758388881,1.4543463433234516,0.08604640166187356,0.08436501160662935,11.621636473882807
pl_dmin3,3.0,3,,1000000,0,12345,pl_dmin3_g3.0_n1000000_d3_r0,1000000,2441005,4.88201,50,2,1,0,3,1000000,2441005,0.16119046644483026,0.16402667475753363,0.00283620831270337,0.38461538461538464,0.25469283346361016,0.25469283346361016,0.4999899631504237,0.26594927089457004,-0.41218558953197004,0.04796640550390307,0.03784143084156827,20.847924489956394,1.0,1000000,2441005,0.16119046644482826,0.1640266747575494,0.0028362083127211335,0.38461538461538464,0.25469283346361016,0.25469283346361016,0.4999899631504237,0.26594927089457004,-0.41218558953197004,0.04796640550390368,0.037841430841568754,20.847924489956128,1.0,1000000,2441005,0.16119046644483626,0.1640266747575594,0.002836208312723132,0.38461538461538464,0.25469283346361016,0.25469283346361016,0.4999899631504237,0.26594927089457004,-0.41218558953197004,0.04796640550390373,0.03784143084156877,20.847924489956107
pl_dmin3,3.0,3,,1000000,2,12347,pl_dmin3_g3.0_n1000000_d3_r2,1000000,2442016,4.884032,50,2,1,0,2,1000000,2442016,0.15986581498347108,0.16065547404587854,0.0007896590624074662,0.37662337662337664,0.25549721111002366,0.25549721111002366,0.49999897625568385,0.2615570495852607,-0.38803419295139285,0.04724317898796432,0.03686539252627052,21.16707684414633,1.0,1000000,2442016,0.15986581498347419,0.16065547404588298,0.0007896590624087985,0.37662337662337664,0.25549721111002366,0.25549721111002366,0.49999897625568385,0.2615570495852607,-0.38803419295139285,0.04724317898797166,0.03686539252627628,21.16707684414304,1.0,1000000,2442016,0.1598658149834773,0.16065547404589275,0.0007896590624154598,0.37662337662337664,0.25549721111002366,0.25549721111002366,0.49999897625568385,0.2615570495852607,-0.38803419295139285,0.04724317898795748,0.03686539252626517,21.167076844149392
pl_dmin3,3.0,3,,1000000,1,12346,pl_dmin3_g3.0_n1000000_d3_r1,1000000,2437622,4.875244,50,2,1,0,3,1000000,2437622,0.15923168363465345,0.16263753638237466,0.0034058527477212053,0.373134328358209,0.25545595891057227,0.25545595891057227,0.49999753858473545,0.2605418313421851,-0.3788884618433742,0.03710434436011997,0.029489779984334684,26.951021969136516,1.0,1000000,2437622,0.15923168363465234,0.162637536382374,0.0034058527477216494,0.373134328358209,0.25545595891057227,0.25545595891057227,0.49999753858473545,0.2605418313421851,-0.3788884618433742,0.03710434436011994,0.02948977998433464,26.95102196913654,1.0,1000000,2437622,0.15923168363465567,0.16263753638238687,0.0034058527477311973,0.373134328358209,0.25545595891057227,0.25545595891057227,0.49999753858473545,0.2605418313421851,-0.3788884618433742,0.03710434436011988,0.02948977998433462,26.951021969136583
pl_dmin3,3.0,3,,1000000,3,12348,pl_dmin3_g3.0_n1000000_d3_r3,1000000,2439772,4.879544,50,2,1,0,3,1000000,2439772,0.1637625469593842,0.16403045650458337,0.0002679095451991742,0.3888888888888889,0.25154584243596734,0.25154584243596734,0.49999959012563466,0.2806647506406336,-0.43566842112441406,0.03357772555393488,0.025686357978252684,29.78164790803744,1.0,1000000,2439772,0.16376254695937043,0.16403045650457915,0.0002679095452087221,0.3888888888888889,0.25154584243596734,0.25154584243596734,0.49999959012563466,0.2806647506406336,-0.43566842112441406,0.03357772555398195,0.02568635797828896,29.781647907995687,1.0,1000000,2439772,0.16376254695936887,0.1640304565045847,0.00026790954521582755,0.3888888888888889,0.25154584243596734,0.25154584243596734,0.49999959012563466,0.2806647506406336,-0.43566842112441406,0.03357772555401551,0.025686357978314846,29.781647907965926
pl_dmin3,3.0,3,,1000000,4,12349,pl_dmin3_g3.0_n1000000_d3_r4,1000000,2442316,4.884632,50,2,1,0,4,1000000,2442316,0.16126452111677048,0.1628151345906228,0.0015506134738523247,0.38095238095238093,0.2542870327112849,0.2542870327112849,0.4999981574865824,0.266917344029192,-0.4042107039015138,0.038210337592593416,0.02992829582780817,26.170928157249183,1.0,1000000,2442316,0.16126452111677003,0.1628151345906148,0.0015506134738447752,0.38095238095238093,0.2542870327112849,0.2542870327112849,0.4999981574865824,0.266917344029192,-0.4042107039015138,0.03821033759259389,0.029928295827808583,26.17092815724886,1.0,1000000,2442316,0.16126452111677425,0.16281513459063324,0.001550613473858986,0.38095238095238093,0.2542870327112849,0.2542870327112849,0.4999981574865824,0.266917344029192,-0.4042107039015138,0.038210337592594124,0.029928295827808756,26.1709281572487
